user,web_risk
AAB1302,0.0
AAB1762,0.08139534883720931
AAC0904,0.02399435426958363
AAC1033,0.0
AAC1489,0.044444444444444446
AAG1136,0.0
AAL1327,0.002325581395348837
AAM0972,0.0
AAO1919,0.0
AAR1793,0.0
AAW0914,0.0
AAW0952,0.0
AAW0969,0.0
ABB0019,0.0037290242386575512
ABC1881,0.0
ABL1229,0.002824858757062147
ABM0890,0.009324009324009324
ACA1126,0.0005847953216374269
ACB0220,0.10760233918128655
ACB1087,0.01646090534979424
ACB1485,0.013986013986013986
ACC0950,0.016811279826464208
ACC1855,0.011547344110854504
ACD1174,0.021052631578947368
ACE1431,0.0735632183908046
ACG0152,0.0
ACH0937,0.032280701754385965
ACH1011,0.02666666666666667
ACH1831,0.01316872427983539
ACH1840,0.009876543209876543
ACJ1797,0.0
ACM1770,0.0
ACR1045,0.0
ACS0589,0.02526315789473684
ACT1903,0.0
ACW0078,0.027586206896551724
ADC1014,0.028070175438596492
ADG0619,0.0
ADH0153,0.0
ADH1016,0.023859649122807018
ADL1898,0.0136986301369863
ADR0810,0.05517241379310345
ADR1156,0.0
AEC1085,0.020987654320987655
AEF1032,0.0
AEG0962,0.038624338624338624
AEH0001,0.0
AEM0113,0.017543859649122806
AEO1116,0.0514018691588785
AES1373,0.006666666666666667
AFC0792,0.03743045017703591
AFL1759,0.0
AFN0176,0.0
AFP1341,0.0456140350877193
AFW1639,0.06206896551724138
AGB0447,0.0017543859649122807
AGB0901,0.0009376465072667605
AGB1507,0.02139917695473251
AGC0592,0.0
AGH1971,0.0022988505747126436
AGW1389,0.024619516562220233
AHC1044,0.0
AHD0590,0.03508771929824561
AHH0085,0.013399153737658674
AHJ1993,0.029829545454545456
AHN0681,0.0060408921933085506
AHN0998,0.024769992922859165
AIE0773,0.09192982456140351
AIH0814,0.0
AJB1763,0.009345794392523364
AJD1612,0.034223706176961605
AJH0191,0.09829946080464537
AJH0724,0.0
AJM0049,0.006432748538011696
AJM0956,0.012125534950071327
AJR1103,0.0
AJS1408,0.029314616019818333
AJS1482,0.0
AJT0419,0.005838198498748957
AKD0332,0.0
AKK0032,0.0
AKM0214,0.012890431333663858
AKP0503,0.0
AKR0756,0.001388888888888889
AKS0448,0.0
AKS0586,0.038
AKS0662,0.0
ALB0668,0.04470588235294118
ALB1144,0.051228070175438595
ALC0604,0.020134228187919462
ALH0506,0.01585014409221902
ALM1768,0.0
ALN0182,0.019649122807017545
ALT1465,0.02
ALW0764,0.0
AMB0403,0.0
AMB0745,0.02361111111111111
AMC0265,0.007651559741024131
AMC0854,0.06017551190973673
AMC1724,0.030090684253915912
AMC1883,0.041403508771929824
AME1364,0.0
AMG1628,0.01038637307852098
AMH1887,0.0
AML0268,0.011743981209630064
AMM1285,0.01810699588477366
AMS1236,0.0014154281670205238
ANC0027,0.007046388725778039
ANG0427,0.03755868544600939
ANH1110,0.0
ANH1583,0.0
ANM0830,0.006802721088435374
ANR0502,0.031073446327683617
ANS0705,0.0
ANT0148,0.02102803738317757
AOB0391,0.0
AOC1283,0.040740740740740744
AOH0883,0.0375
AOP1202,0.035161744022503515
APD1148,0.041403508771929824
APR1168,0.036931818181818184
AQC0371,0.0
AQL1757,0.0
ARB0626,0.0
ARD0538,0.006578947368421052
ARD0790,0.10213903743315508
ARF0719,0.004953998584571833
ARG1264,0.0
ARL0411,0.07017543859649122
ARM0333,0.0
ARM0805,0.036491228070175435
ARP0574,0.012151536812008578
ARP1356,0.0
ARV1884,0.023157894736842106
ASB0658,0.02558139534883721
ASC1297,0.01440329218106996
ASH0298,0.0004697040864255519
ASH0458,0.0
ASM0398,0.004166666666666667
ASO0180,0.0
ASR0150,0.0
AST0328,0.015514809590973202
ATB0490,0.0
ATC1916,0.006756756756756757
ATD0517,0.008947368421052631
ATD1067,0.0205761316872428
ATO0307,0.009887005649717515
ATS1073,0.031275720164609055
AUH0138,0.05752840909090909
AVG1169,0.0
AVH1217,0.07971864009378664
AVP1137,0.0
AWB1309,0.016241299303944315
AWB1661,0.0
AWC1213,0.0
AWD1976,0.0
AWK1773,0.015438596491228071
AWW0676,0.011209715086408221
AWW0718,0.0007042253521126761
AWW1749,0.07674418604651163
AXP1568,0.01037037037037037
AXS0729,0.010526315789473684
AYG1697,0.0
AZW1420,0.04597701149425287
BAA0385,0.0
BAB1874,0.037037037037037035
BAG0315,0.001417434443656981
BAH1537,0.013986013986013986
BAR1328,0.0
BAR1640,0.0367816091954023
BAS0763,0.0
BAS1078,0.012757201646090535
BAS1097,0.01650943396226415
BAT1359,0.0
BBB0012,0.0
BBC1191,0.0
BBF0480,0.05128205128205128
BBG0378,0.0
BBH1945,0.006172839506172839
BBM0588,0.03218390804597701
BBN0449,0.0
BBR1381,0.0
BBW0151,0.0
BCA1517,0.020036429872495445
BCB1715,0.0053608247422680414
BCC1259,0.0
BCC1597,0.06818181818181818
BCG0853,0.003770423125261835
BCL0231,0.00935672514619883
BCL1423,0.06666666666666667
BCR0747,0.0
BCS1310,0.0069605568445475635
BDB1111,0.018648018648018648
BDC0936,0.06045156591405681
BDF0015,0.000877963125548727
BDH0981,0.02456140350877193
BDM0274,0.016489988221436984
BDM0442,0.02882205513784461
BDM1204,0.048625792811839326
BDM1457,0.0
BDP0096,0.04666666666666667
BDP1162,0.042735042735042736
BDR0223,0.027647058823529413
BEM1501,0.023868312757201648
BGC0649,0.1151465125877012
BGF1845,0.027160493827160494
BGH1443,0.014035087719298246
BGK0345,0.05770374776918501
BGM0233,0.0060818713450292395
BGR0917,0.0
BHA1577,0.0
BHB0717,0.0
BHG1947,0.047325102880658436
BHM1707,0.0004137360364087712
BHP1872,0.0
BIM0885,0.0234192037470726
BIS1598,0.0
BJG0492,0.022988505747126436
BJG1852,0.05555555555555555
BJH0601,0.0
BJM1314,0.03642384105960265
BKA1178,0.014035087719298246
BKB0669,0.013953488372093023
BKF0632,0.08257638315441784
BKG0597,0.006711409395973154
BKL0545,0.08982456140350877
BLC1263,0.0
BLK0698,0.01789549033643522
BLW0552,0.004210526315789474
BMC0650,0.08880627839735647
BMG1070,0.009465020576131687
BMR0343,0.021769662921348316
BMR0865,0.021585720215857203
BNE1140,0.035789473684210524
BNN0975,0.056140350877192984
BNS0484,0.02588235294117647
BNT1804,0.0
BNV1461,0.0
BOC1318,0.0
BOS1170,0.011929824561403509
BPA0095,0.0018656716417910447
BPK1731,0.004966887417218543
BRG0728,0.0
BRL1701,0.0
BRM0126,0.0
BRM1080,0.030864197530864196
BRM1454,0.009824561403508772
BSD1735,0.03764705882352941
BSO0826,0.0
BSS0847,0.0
BSW1959,0.03218390804597701
BSY1451,0.0077192982456140355
BTD0296,0.0
BTD1059,0.003703703703703704
BTG1551,0.05718027062418158
BTN0147,0.016091954022988506
BTR1410,0.0448559670781893
BTV1433,0.0
BUE1561,0.0044444444444444444
BUH1249,0.0
BWC0509,0.002172338884866039
BWJ1539,0.023575638506876228
BWM0175,0.002955082742316785
BWW0751,0.0
BYO1846,0.020282186948853614
BYS0199,0.08533554266777134
BYV1695,0.00558659217877095
BYW1523,0.013921113689095127
BZC1806,0.0
BZF0651,0.03248259860788863
CAB0290,0.0
CAB1160,0.006392045454545455
CAB1189,0.0007057163020465773
CAB1886,0.0
CAC1083,0.0242798353909465
CAD0354,0.010526315789473684
CAD0866,0.008724553385957623
CAF0109,0.09197530864197531
CAG1416,0.013793103448275862
CAH0149,0.0
CAH0595,0.008421052631578947
CAM0158,0.02666666666666667
CAM1025,0.020689655172413793
CAP0471,0.015
CAS0997,0.032624113475177303
CAS1068,0.0024691358024691358
CAV0656,0.03488372093023256
CBC1504,0.04897119341563786
CBC1607,0.034525790349417634
CBD1128,0.0
CBD1574,0.0
CBG0183,0.009490333919156414
CBH1635,0.0
CBK0185,0.0029239766081871343
CBK1908,0.0
CBM1272,0.037448559670781895
CBN1983,0.015985130111524165
CBP0507,0.0007077140835102619
CBS1856,0.018433179723502304
CBW1826,0.0
CCB0076,0.006993006993006993
CCB1836,0.009465020576131687
CCC0569,0.05433962264150943
CCC1691,0.006711409395973154
CCC1900,0.0
CCG1347,0.060350877192982454
CCK1540,0.0
CCM0612,0.0
CCM1270,0.022222222222222223
CCM1401,0.006208609271523178
CCP0774,0.0035087719298245615
CCP1460,0.0
CCP1491,0.0
CCR0338,0.013333333333333334
CCR1396,0.02066115702479339
CCT0142,0.08210526315789474
CCW0097,0.0
CDB1594,0.00684931506849315
CDD1124,0.03216374269005848
CDG0551,0.0
CDG0770,0.0
CDL0189,0.012658227848101266
CDO0684,0.00589622641509434
CEB1879,0.0
CEG1442,0.004210526315789474
CEG1467,0.0
CEG1535,0.01627906976744186
CEH1567,0.037894736842105266
CEM1385,0.03112033195020747
CES0201,0.0
CEW1960,0.0
CFJ0335,0.0017543859649122807
CGF1056,0.0
CGN0451,0.0
CGS0309,0.0
CGS0647,0.11764705882352941
CGV0671,0.00892018779342723
CGW1511,0.00823045267489712
CHL0953,0.04911032028469751
CHM1312,0.02102803738317757
CHN0282,0.004725339633786178
CHP1711,0.007860984691766652
CHS1238,0.05028328611898017
CHW0919,0.0
CHW1210,0.0
CIF1430,0.016091954022988506
CIM1095,0.06944444444444445
CIM1232,0.0099882491186839
CIS1542,0.013824884792626729
CIW1591,0.0
CJE1192,0.0049504950495049506
CJG0897,0.0
CJH0504,0.0021201413427561835
CJL0143,0.028070175438596492
CJM0410,0.0
CJM0802,0.035789473684210524
CKB0245,0.0
CKC0487,0.0
CKD0967,0.0
CKE0373,0.006666666666666667
CKH0316,0.015658362989323844
CKL0652,0.0
CKM0939,0.05543859649122807
CKP0213,0.028904428904428906
CKP0630,0.02666666666666667
CKR1446,0.04350877192982456
CKR1700,0.0
CKW0915,0.0
CLC1425,0.02528735632183908
CLD1435,0.05747126436781609
CLF1981,0.0367816091954023
CLG0114,0.010666666666666666
CLG0516,0.0007017543859649122
CLJ1447,0.005614035087719298
CLL0306,0.0
CLL0494,0.010279001468428781
CLM1538,0.060324825986078884
CLN0061,0.0023612750885478157
CLS1331,0.001893043066729768
CLZ1937,0.015226337448559672
CMB0824,0.0
CMC0816,0.0
CMD0127,0.05747126436781609
CML1114,0.03764705882352941
CMM1987,0.0
CMV0524,0.007017543859649123
CNH1896,0.06164383561643835
CNM0787,0.1447835344215756
CNM1208,0.02674173117522871
COB0021,0.0
COG0940,0.01263157894736842
CPC0190,0.086272040302267
CPD0474,0.012005649717514125
CPD1525,0.0
CPL0439,0.008916001877053027
CPS1512,0.00041152263374485596
CPW0219,0.06722222222222222
CQR1172,0.0037593984962406013
CRB0648,0.06756756756756757
CRC0217,0.06888888888888889
CRC1132,0.0005847953216374269
CRD0272,0.006524317912218268
CRD0404,0.029766123316796598
CRD0987,0.0007407407407407407
CRG0063,0.0
CRM0880,0.014018691588785047
CRM0907,0.0990253411306043
CRM0963,0.08070175438596491
CRR1966,0.05747126436781609
CRW0627,0.0
CSB0327,0.0
CSB0990,0.06295224312590449
CSE0417,0.01373283395755306
CSV1242,0.0
CSW1165,0.028268551236749116
CTB0744,0.001388888888888889
CTB0923,0.0006207324643078833
CTH1812,0.0
CTK0037,0.0
CTK0406,0.027017543859649124
CTM1817,0.02
CTP0071,0.0011695906432748538
CTT0639,0.06608839322593969
CVS0720,0.003526093088857546
CWC0006,0.0014343772412144394
CWM0618,0.0
CWR0696,0.0021382751247327157
CWW1120,0.0035087719298245615
CYG0522,0.023157894736842106
CZK1473,0.006711409395973154
CZY0110,0.05052631578947368
DAC1548,0.013986013986013986
DAC1641,0.016166281755196306
DAD0331,0.0007017543859649122
DAD0713,0.0
DAD1438,0.022988505747126436
DAE1219,0.0
DAH0512,0.011307420494699646
DAH1996,0.0
DAL0795,0.07619689817936615
DAR0139,0.07791446983011131
DAS1320,0.0288659793814433
DBB1004,0.0
DBJ1992,0.0
DBK0284,0.004742145820983995
DBS0048,0.03508771929824561
DCA0857,0.01221122112211221
DCB0446,0.0
DCB1000,0.06596491228070175
DCC1119,0.0
DCD0715,0.004225352112676056
DCF1237,0.0014184397163120568
DCF1479,0.0
DCK1782,0.008421052631578947
DCR1648,0.038112522686025406
DCS0636,0.08494845360824742
DCV1185,0.0
DDK0995,0.03639120545868082
DDM1065,0.03168724279835391
DDR1649,0.027586206896551724
DDR1876,0.012867647058823529
DDS1090,0.002352941176470588
DDW0757,0.0
DEB0727,0.04736842105263158
DEB1767,0.0009324009324009324
DEC1939,0.0
DEM0018,0.017894736842105262
DEO1964,0.0
DES0591,0.0
DES1474,0.0
DEW0384,0.0
DEW1968,0.0
DHP0732,0.004912280701754386
DHP1989,0.0
DHR1157,0.0
DHS0204,0.07208872458410351
DIB1946,0.009411764705882352
DIM0330,0.0005847953216374269
DIR0835,0.0
DJA0192,0.10498147385755455
DJC0137,0.019844082211197732
DJC0337,0.0
DJH0253,0.05221745350500715
DJH0812,0.06666666666666667
DJH0895,0.0
DJJ1480,0.0
DJP1603,0.0
DJT1534,0.007462686567164179
DJW0357,0.029836829836829837
DJW0418,0.028286189683860232
DKC0053,0.06133428981348637
DKG0161,0.0
DKG0637,0.07571115973741795
DKJ1319,0.013888888888888888
DKS0563,0.039603960396039604
DLB0401,0.01871345029239766
DLB0955,0.0199288256227758
DLH0679,0.00950020652622883
DLM0334,0.009824561403508772
DLM1699,0.0
DLW0349,0.10818505338078292
DLW1705,0.08721119427269769
DMB1459,0.0
DMD1197,0.06321839080459771
DMJ0222,0.0
DML0822,0.0
DMN1365,0.01
DMP0344,0.05964912280701754
DMW1849,0.016129032258064516
DNF0876,0.030162412993039442
DNG0831,0.0
DNJ0740,0.034139402560455195
DNT1801,0.0
DNW0899,0.06526806526806526
DOH1483,0.020134228187919462
DOL0765,0.0
DOR0935,0.037894736842105266
DOS0777,0.0
DOT0144,0.07157894736842105
DPC1618,0.0020798668885191347
DPK0954,0.0049680624556423
DPL1307,0.013953488372093023
DPN1990,0.0007552870090634441
DPR1589,0.0
DQM0809,0.008421052631578947
DQR1670,0.0
DQS0807,0.011494252873563218
DRH1041,0.04054054054054054
DRJ0070,0.009206798866855524
DRM0443,0.07543859649122807
DRN0735,0.03196022727272727
DSB0530,0.041708043694141016
DSC1741,0.0
DSH1074,0.025102880658436213
DTB0722,0.025964912280701753
DTB0964,0.05964912280701754
DTC0840,0.02
DVM1290,0.028395061728395062
DVV1986,0.0
DWR1387,0.019063406547865726
DXB1791,0.0
DXF1662,0.0028208744710860366
DYN1105,0.023762376237623763
DZA0195,0.08309098462816784
DZH1867,0.10199004975124377
DZM1550,0.0
DZO0285,0.0
DZO0999,0.004329004329004329
EAC0769,0.0
EAG0633,0.0954283177984909
EAH1973,0.05057471264367816
EAL1813,0.0
EAM1308,0.013100436681222707
EAP0107,0.07789473684210527
EAP0312,0.0
EAS1970,0.0
EBA0758,0.0
EBB0827,0.0
EBD1636,0.0
EBG1553,0.10023419203747072
EBP1022,0.0
EBQ1246,0.006666666666666667
EBW0553,0.014736842105263158
ECD1434,0.06206896551724138
ECT1326,0.0
ECV1289,0.027983539094650206
ECW0160,0.0
ECY0838,0.0
EDC0697,0.024964336661911554
EGF1305,0.017369727047146403
EGG1466,0.0
EGM1222,0.006765899864682003
EHJ1339,0.056140350877192984
EHM0340,0.0
EIW0714,0.002828854314002829
EJB0241,0.020701754385964912
EJC1225,0.030648610121168925
EJG1445,0.019649122807017545
EJM1742,0.013921113689095127
EJO0236,0.0
EJV0094,0.008338296605122097
EJW1544,0.0
EKR0073,0.0
EKS1182,0.0007062146892655367
ELC1173,0.042666666666666665
ELM1123,0.0
ELT1370,0.0
EMB0902,0.0
EMM0393,0.0032634032634032634
EMM0641,0.11910669975186104
EMR0269,0.009749303621169917
ENB1617,0.0
ENM1861,0.05542725173210162
EOG0433,0.04176334106728538
EPB0893,0.002331002331002331
EPG1196,0.007102272727272727
EPJ0445,0.0011695906432748538
ERB0104,0.019498607242339833
ERB0921,0.0
ERM1590,0.0
ERR0525,0.06
ERV1880,0.0
ESH1028,0.001
ESM1828,0.002904865649963689
ESP1198,0.0
ESW0928,0.0
ETW0002,0.0
EUN1870,0.0
EVF1595,0.0
EWA0156,0.0
EWP1316,0.0
EXB0090,0.0
EYM0896,0.011574074074074073
EZB0925,0.0
EZG0968,0.036491228070175435
FAD1863,0.025404157043879907
FAH0134,0.0070555032925682035
FAJ1122,0.0012345679012345679
FAM0211,0.037383177570093455
FAM0495,0.007757404795486601
FAR0102,0.002789400278940028
FCB1141,0.018947368421052633
FCG0693,0.0
FCW1100,0.0069605568445475635
FDD1520,0.0
FDS0523,0.030666666666666665
FDS1690,0.0
FDS1841,0.00823045267489712
FES1814,0.0
FEV1955,0.0
FGA0659,0.02112676056338028
FGW1794,0.0
FIM0605,0.0
FJP1692,0.026845637583892617
FKH0864,0.009627459187944746
FKS0069,0.007735583684950774
FKS1696,0.0
FLM1541,0.0
FMG1549,0.009174311926605505
FMH1018,0.0
FMH1552,0.0
FMP0459,0.0
FRM0010,0.0016374269005847953
FRS0694,0.0007132667617689016
FWB1999,0.0
FWT1586,0.0
FYC0060,0.07485380116959064
FZG0389,0.0
GAD0664,0.039627039627039624
GAF0250,0.0
GAF1862,0.03917050691244239
GAT1343,0.03558897243107769
GBM0346,0.036350677120456164
GBO1324,0.02097902097902098
GBV0440,0.0
GCB0118,0.0
GCC1659,0.0
GCD0194,0.11791477037649979
GCD0863,0.0029227557411273487
GCE1147,0.02736842105263158
GCG1753,0.02336448598130841
GCH0470,0.005847953216374269
GCS1686,0.013422818791946308
GCT0366,0.07017543859649122
GCW0456,0.0004662004662004662
GDC0055,0.011342155009451797
GDD1687,0.0
GEK1638,0.018433179723502304
GEM0462,0.02666666666666667
GER0350,0.008187134502923977
GFM1815,0.0
GFS0555,0.0035087719298245615
GFS0750,0.009408602150537635
GFV1837,0.0
GGD1545,0.07
GGM1604,0.047006977598237236
GGM1629,0.016129032258064516
GHM0736,0.0
GHW0372,0.0
GIA1171,0.025294117647058825
GIB0314,0.0
GIC1151,0.0343859649122807
GJB0363,0.09298245614035087
GJC0870,0.013953488372093023
GJM1409,0.05
GKG1693,0.0
GKM1647,0.016203703703703703
GKW0043,0.005847953216374269
GLC1055,0.0
GLC1878,0.0
GMB0400,0.008333333333333333
GMC0051,0.0
GMF0229,0.009994121105232217
GMM1037,0.006711409395973154
GMR1399,0.0065653075328265375
GNG1026,0.016140350877192983
GNV1082,0.0008230452674897119
GPH0932,0.06315789473684211
GPO1020,0.06896551724137931
GPS0321,0.03684210526315789
GPS0970,0.02175438596491228
GQG1484,0.0
GRB0748,0.016666666666666666
GRB1842,0.014814814814814815
GRK0623,0.0
GRR1428,0.02570093457943925
GRS1214,0.0
GSA1925,0.018518518518518517
GSB0173,0.0
GSH1262,0.013333333333333334
GSV0295,0.0011716461628588166
GTC0081,0.011494252873563218
GTC0614,0.0
GTF1464,0.013333333333333334
GTN1021,0.0
GTP1369,0.006666666666666667
GUT1619,0.058381984987489574
GVM1337,0.029473684210526315
GWG0497,0.01618578465869106
GWH0961,0.0
GWO1660,0.028210838901262063
GXM1952,0.018518518518518517
GYP1321,0.0
HAB1787,0.037192982456140354
HAB1894,0.0
HAC1527,0.0
HAD0702,0.0
HAE0105,0.04699738903394256
HAH1965,0.0
HAL1933,0.005349794238683128
HBD0788,0.15422885572139303
HBF0022,0.0006042296072507553
HBF1179,0.0
HBF1250,0.006666666666666667
HBH0111,0.0
HBH0988,0.01263157894736842
HBP0009,0.0
HBP1076,0.004526748971193415
HBR1528,0.0
HBS0392,0.0
HBS1299,0.004651162790697674
HBW0057,0.10760233918128655
HBW0683,0.012352941176470587
HCE1200,0.10049539985845718
HCM1717,0.003305785123966942
HCP0900,0.030303030303030304
HCV0286,0.04097974564295808
HDA1824,0.005349794238683128
HDC0844,0.0
HDH1384,0.00872093023255814
HDL0789,0.15007112375533427
HDL1230,0.019760056457304165
HDM0017,0.025035260930888575
HDM1040,0.0
HDW0743,0.0007107320540156361
HDW1779,0.007333333333333333
HEB1313,0.05841121495327103
HFC0248,0.0
HFF0560,0.02666666666666667
HFM0465,0.007017543859649123
HGG0166,0.0
HGG0535,0.019525801952580194
HGS0888,0.0
HHD1606,0.0
HHM1746,0.002352941176470588
HIK0425,0.0
HIS1394,0.034454130344541305
HJA1954,0.011494252873563218
HJB0858,0.0493046776232617
HJB1444,0.006094182825484765
HJC1227,0.024787535410764873
HJL1631,0.0
HJM0688,0.0035460992907801418
HJO0779,0.02736842105263158
HJO1239,0.0
HJR0841,0.0
HJS0909,0.0
HJW0947,0.011585807385952208
HJW1371,0.0
HKF1921,0.006802721088435374
HKK0881,0.029182879377431907
HKR1291,0.006172839506172839
HKW1530,0.02097902097902098
HKW1995,0.0
HLG1851,0.0
HLH0682,0.012644310060472787
HLL1488,0.026748971193415638
HMC1322,0.004750593824228029
HMC1677,0.0
HMC1847,0.0
HMD1505,0.0
HMH1596,0.04054054054054054
HMI1448,0.017368421052631578
HMK0653,0.03278688524590164
HMM1058,0.0
HMS1658,0.046189376443418015
HMW0602,0.02976190476190476
HND1098,0.0
HNJ0638,0.09553440702781844
HNJ1407,0.011603812681309573
HNP1152,0.04
HNR0874,0.018518518518518517
HOD1010,0.0
HOS1349,0.036491228070175435
HPC1404,0.02859510982179859
HPC1941,0.005761316872427984
HPM0360,0.007029876977152899
HQG0905,0.008540925266903915
HRB1725,0.0
HRC0776,0.03401842664776754
HRC0977,0.0
HRE0297,0.009845288326300985
HRE1950,0.004703115814226925
HRG0957,0.0
HRR0079,0.0166270783847981
HRR1154,0.015925680159256803
HRT0984,0.0
HSF1115,0.07272727272727272
HSG1585,0.0
HSH1102,0.0
HSK0369,0.0
HSK0479,0.011307420494699646
HSN0675,0.013120899718837863
HST0084,0.0
HSV0878,0.0
HTB0444,0.0
HTH1001,0.009219858156028368
HTM1498,0.0029239766081871343
HTR0239,0.012280701754385965
HTS0762,0.01263157894736842
HUM0973,0.028070175438596492
HVL1679,0.0
HVM1288,0.00261437908496732
HWR1573,0.004807692307692308
HWS0101,0.006440281030444965
HWS1772,0.0
HXP0976,0.0
HYA0368,0.08421052631578947
HYV0848,0.0
IAC0825,0.07586206896551724
IAG1051,0.0
IAH1241,0.0
IAH1755,0.06046511627906977
IAJ1729,0.043316831683168314
IAM1913,0.0
IAR0301,0.0
IBH1267,0.02
IBR0131,0.0
IBS1682,0.0
ICB1354,0.0
ICB1890,0.0014035087719298245
ICH1810,0.0
ICM0537,0.008333333333333333
ICP1063,0.0
ICS1248,0.006666666666666667
ICW0083,0.019094766619519095
IDB0843,0.0
IDC0249,0.0
IDC1744,0.035211267605633804
IDC1775,0.04666666666666667
IDW1713,0.0
IEH0412,0.07719298245614035
IEL0302,0.0
IEP0746,0.001388888888888889
IFD1761,0.035046728971962614
IGG1571,0.0
IGN0206,0.0397196261682243
IHC0561,0.024045261669024046
IIM0781,0.047017543859649125
IJM0603,0.0
IJM1276,0.011111111111111112
IKB0691,0.014255167498218105
IKS0136,0.0005913660555884093
IKW0174,0.0
IKW0678,0.00937207122774133
ILF0913,0.0017615971814445098
ILG0879,0.051643192488262914
ILH1564,0.0
ILH1650,0.029885057471264367
ILH2000,0.0
ILJ0929,0.0962406015037594
ILJ1816,0.0
ILM1441,0.0
ILR1613,0.03522012578616352
IMC0133,0.01912313432835821
IMR0323,0.026222537207654145
INC0091,0.07649122807017544
INK1859,0.04849884526558892
INW1064,0.006584362139917695
IPF0550,0.05543859649122807
IQB1745,0.018691588785046728
IQT0352,0.04711779448621554
IRC1877,0.03002309468822171
IRH1224,0.045861887190300474
IRM0766,0.0
IRN1736,0.03935185185185185
IRP1353,0.0
IRP1440,0.034482758620689655
ISD1866,0.041474654377880185
ISK0116,0.0
ISS0508,0.04526166902404526
ISW0738,0.0
ITA0159,0.0
ITM0068,0.011988716502115656
ITV0200,0.01004134672179563
IVS1411,0.011934156378600824
IYF1060,0.0102880658436214
IYH1611,0.007569386038687973
JAB1917,0.0
JAC0457,0.0
JAC0721,0.0049469964664310955
JAC1275,0.018300653594771243
JAC1524,0.02558139534883721
JAD1379,0.0
JAG0106,0.05321637426900585
JAG0861,0.0
JAH1802,0.013333333333333334
JAL0811,0.035789473684210524
JAM0752,0.039603960396039604
JAR0794,0.07344632768361582
JAR1708,0.008742714404662781
JAT1218,0.023960535588442564
JAW0280,0.0023515579071134627
JAW1429,0.0022988505747126436
JBB1333,0.014320987654320988
JBC1885,0.0
JBG1375,0.0
JBI1134,0.0
JBL0414,0.0012586532410320957
JBL0615,0.0
JBL1657,0.01839080459770115
JBP1832,0.0
JBR1651,0.0
JBR1940,0.020164609053497942
JCB0544,0.06608187134502924
JCB0791,0.12740213523131672
JCC0016,0.021403508771929824
JCF0594,0.059770114942528735
JCK0692,0.0
JCM0580,0.015759312320916905
JCP1478,0.0
JCS1506,0.006172839506172839
JCV0994,0.03328611898016997
JDB1163,0.03237228123419322
JDC0326,0.002777777777777778
JDF0846,0.0
JDG0255,0.0
JDJ1949,0.003703703703703704
JDM0208,0.0
JDM0396,0.0005847953216374269
JDR0004,0.00035298270384751147
JDR0927,0.0
JDR1106,0.0
JDS0177,0.0
JDW1019,0.025964912280701753
JEC1427,0.010526315789473684
JEH0587,0.0
JFC0075,0.0
JGB1393,0.007456503728251864
JGM1269,0.034156378600823045
JGW0820,0.0
JHM1805,0.0
JHP1654,0.016129032258064516
JHR1580,0.0
JIB1258,0.0
JIG1593,0.0
JIL1675,0.005263157894736842
JIP1220,0.0
JIP1503,0.0654320987654321
JIT0356,0.00936768149882904
JIT0654,0.04205607476635514
JJA1164,0.008504606661941885
JJC0259,0.04622641509433962
JJF1167,0.050390347764371894
JJH0862,0.0
JJL1566,0.014736842105263158
JJL1722,0.0
JJM0234,0.014547160957297044
JJP0798,0.08534850640113797
JJS0013,0.0017611835153222965
JJW1785,0.004210526315789474
JKB0287,0.0
JKB0924,0.0005865102639296188
JKB1811,0.04697986577181208
JKB1843,0.007720588235294118
JKC1522,0.07175925925925926
JKM1790,0.006711409395973154
JLC0558,0.0
JLC0742,0.009608785175017159
JLC0796,0.08833922261484099
JLC1301,0.0
JLD1666,0.0006706908115358819
JLF1315,0.0
JLL1975,0.0
JLM0422,0.018781302170283808
JMA0540,0.02361111111111111
JMK1531,0.03009259259259259
JMM0613,0.0
JMP0275,0.0
JMS0859,0.04222408026755853
JMV1450,0.011929824561403509
JMW0038,0.0
JNB0673,0.008430913348946136
JNR1592,0.0
JOB0532,0.04296296296296296
JOE1672,0.0
JOM1740,0.011627906976744186
JOR1039,0.0
JOR1221,0.03895184135977337
JOR1495,0.00823045267489712
JPB0450,0.0
JPK0945,0.032119914346895075
JPM0035,0.07878787878787878
JPW0533,0.005555555555555556
JQC0210,0.10561797752808989
JQS1350,0.03508771929824561
JRB0759,0.002807017543859649
JRC0238,0.02579564489112228
JRC1963,0.0706896551724138
JRE1402,0.034725093013642
JRH0993,0.03622159090909091
JRS0674,0.020323517212774783
JRW1374,0.006666666666666667
JSA0468,0.021637426900584796
JSB0803,0.047719298245614036
JSB0860,0.0008329862557267805
JSB1915,0.0
JSH1678,0.0
JSO1500,0.028395061728395062
JTB0163,0.006666666666666667
JTF0313,0.0
JTK0784,0.049786628733997154
JTS0903,0.0004675081813931744
JUL0610,0.0
JUP1472,0.0
JUW1135,0.0
JVC1704,0.013333333333333334
JVH0571,0.08435472242249459
JVH1575,0.0
JVM0772,0.02666666666666667
JWS0047,0.009941520467836258
JXH1061,0.014814814814814815
JXN0581,0.035789473684210524
JYC0959,0.013333333333333334
JYS0621,0.0
KAC1209,0.046875
KAD0387,0.0
KAD0817,0.007518796992481203
KAG0547,0.08280701754385965
KAG0566,0.05924339757316203
KAH1868,0.0
KAH1977,0.03908045977011494
KAJ1413,0.02528735632183908
KAM0169,0.0
KAM0645,0.08560794044665013
KAW0431,0.023474178403755867
KAW0642,0.10329218106995884
KBB1294,0.02263374485596708
KBB1803,0.08843537414965986
KBC0818,0.0056179775280898875
KBC1390,0.011180124223602485
KBC1680,0.0
KBG1201,0.012640449438202247
KBL0908,0.0
KBL1728,0.0
KBP0124,0.03722261989978525
KBR0575,0.005043227665706052
KCB1799,0.02666666666666667
KCC1988,0.0
KCF0767,0.06456140350877193
KCG0044,0.009941520467836258
KCG1615,0.0
KCH1437,0.004651162790697674
KCJ1788,0.0
KCK1494,0.016049382716049384
KCL0099,0.0017959770114942528
KCM0402,0.012903225806451613
KCM0466,0.014619883040935672
KCR1118,0.0
KCW1215,0.0829817158931083
KDB1036,0.0
KDB1206,0.059154929577464786
KDC0996,0.009950248756218905
KDC1240,0.0
KDG1330,0.004597701149425287
KDL1901,0.0
KDP1706,0.02399669011170873
KEE0823,0.0
KEG1006,0.023712737127371274
KEM1211,0.02616690240452617
KEO0202,0.002972651605231867
KES1207,0.05629838142153413
KEW0198,0.09632079371641174
KFG1727,0.02559867877786953
KFH0943,0.04421052631578947
KFS1029,0.0
KGD0416,0.011245314452311536
KGL0178,0.005847953216374269
KGM1031,0.0
KHG0205,0.018796992481203006
KHH1556,0.015438596491228071
KHS1850,0.0023148148148148147
KHT0739,0.019230769230769232
KHW0289,0.0
KIB0089,0.0
KIC0438,0.004195804195804196
KIF0951,0.010542168674698794
KIS1205,0.0
KJA0347,0.14864864864864866
KJG1121,0.0
KJH0475,0.0176678445229682
KJH0804,0.02456140350877193
KJH0872,0.04176334106728538
KJM0889,0.04289544235924933
KJM1303,0.0
KJN0240,0.044169049888782966
KJS1956,0.07126436781609195
KJW1664,0.0029940119760479044
KKL1481,0.0
KKP0064,0.0
KKP1311,0.0
KKS0087,0.019787985865724382
KLB0918,0.0
KLG0576,0.010043041606886656
KLM0941,0.031578947368421054
KLM1508,0.0
KLR0112,0.0035087719298245615
KLW1789,0.0
KMC1934,0.004248366013071895
KMG0062,0.0023430178069353325
KMH0529,0.02364394993045897
KMK1096,0.0
KMM0014,0.02018413597733711
KMM1703,0.0
KMN0028,0.009341429238673517
KMO0382,0.0
KMR0377,0.0
KNM0100,0.03824561403508772
KOG1386,0.030227743271221533
KOL1923,0.026579520697167756
KPM0579,0.007862759113652609
KPM1002,0.047042052744119746
KQM1769,0.04895104895104895
KRA1047,0.0
KRC0098,0.028459821428571428
KRC0441,0.05263157894736842
KRC0842,0.0
KRC1348,0.04350877192982456
KRM1306,0.02546296296296296
KRS0172,0.0
KSC1255,0.0
KSC1352,0.0
KSL0808,0.018947368421052633
KSS1005,0.0
KSS1519,0.004640371229698376
KST1643,0.034482758620689655
KSW0708,0.0069767441860465115
KTS0058,0.07916666666666666
KUB1569,0.002105263157894737
KVC1487,0.012345679012345678
KVF1143,0.06456140350877193
KVP1424,0.0022988505747126436
KVV0871,0.011764705882352941
KWF0849,0.0
KWM0365,0.08
KZB1630,0.02528735632183908
KZM0362,0.01620859760394644
LAD0226,0.021052631578947368
LAF1938,0.00905349794238683
LAH0463,0.012865497076023392
LAS0129,0.0
LAS0256,0.0
LBL0578,0.008571428571428572
LCB1869,0.0
LCR0521,0.0026666666666666666
LCR1344,0.04280701754385965
LCS1760,0.027842227378190254
LCW0821,0.0
LDF0644,0.08813700918964076
LDM0399,0.006707946336429308
LFB0452,0.032280701754385965
LHA0303,0.0
LHD1233,0.0
LHD1750,0.0
LHL0130,0.031578947368421054
LHP0320,0.0017543859649122807
LIB1125,0.0011947431302270011
LIG1756,0.023310023310023312
LIJ1581,0.0
LIL1199,0.03943850267379679
LJC1146,0.04982456140350877
LJF1138,0.0
LJH1027,0.020555555555555556
LJL1891,0.0
LJM0215,0.025226082817705855
LJM0375,0.013793103448275862
LJM1807,0.06040268456375839
LJP1584,0.0
LJV1620,0.015890613451589063
LKB0734,0.0
LKC0405,0.0
LKC1796,0.013422818791946308
LKL1895,0.0
LKM0230,0.00686257258490234
LKP1714,0.0
LLB0437,0.06060606060606061
LLF1234,0.03944315545243619
LLL1469,0.0
LLP1436,0.009411764705882352
LLW0179,0.0
LMG0065,0.0
LMM0167,0.03377902885292048
LMP1543,0.0
LMW0837,0.006711409395973154
LNS0317,0.0053106744556558685
LPL0420,0.018363939899833055
LPL0877,0.037296037296037296
LPS1875,0.07692307692307693
LRB0568,0.02631578947368421
LRB1496,0.03580246913580247
LRF0549,0.0863157894736842
LRF1009,0.009824561403508772
LRV1554,0.0
LRW1079,0.00905349794238683
LRW1357,0.0
LSB1588,0.06756756756756757
LSC1951,0.00041152263374485596
LSD1231,0.0411639460610362
LSF1709,0.01496881496881497
LSH0464,0.009941520467836258
LSJ0979,0.023157894736842106
LSM1228,0.026297085998578537
LSM1382,0.07387536112257533
LSN1462,0.010050251256281407
LSO1783,0.009122807017543859
LTB0308,0.004985754985754986
LTH0528,0.034722222222222224
LTP0072,0.006993006993006993
LTS1378,0.0
LUH1376,0.006666666666666667
LVC0408,0.0
LVF1626,0.006688963210702341
LXM1361,0.0
LYL1334,0.0
MAB0500,0.0014074595355383533
MAB1340,0.06491228070175438
MAC1175,0.002807017543859649
MAD0207,0.0
MAE0515,0.0
MAF0293,0.04646175839885633
MAF0467,0.0035087719298245615
MAF1623,0.004577611319184353
MAG0780,0.01466275659824047
MAM0045,0.017543859649122806
MAM0557,0.0
MAM1293,0.0448559670781893
MAP0424,0.0
MAR1075,0.009876543209876543
MAS0783,0.04915730337078652
MAW0469,0.009941520467836258
MAW1397,0.045228215767634854
MAW1974,0.027586206896551724
MBG1455,0.0013333333333333333
MBH1177,0.0
MBK1726,0.018189334435717238
MBM0145,0.012404016538688719
MBM0712,0.0
MBW1149,0.029473684210526315
MCB0227,0.0
MCB0582,0.006015037593984963
MCB1145,0.041403508771929824
MCC1372,0.0
MCH0620,0.0
MCL1953,0.05057471264367816
MCP0611,0.0
MCS0242,0.05058365758754864
MCS1414,0.009195402298850575
MCT0695,0.03637660485021398
MCV1046,0.026845637583892617
MCW0505,0.03748231966053748
MCW1367,0.0
MDB0351,0.009824561403508772
MDC0520,0.10105263157894737
MDK1412,0.0
MDL0294,0.0007117437722419929
MDN0132,0.004723665564478035
MDR0572,0.027123483226266953
MDR1497,0.02633744855967078
MDS0680,0.01313937118723604
MEB1743,0.0049382716049382715
MEC0212,0.02090800477897252
MEH0029,0.0
MEM0221,0.0012437810945273632
MES0966,0.041403508771929824
MES1674,0.0
MEW0485,0.0
MFM1400,0.019583333333333335
MGB1235,0.011185682326621925
MGC0646,0.07561983471074381
MGG1342,0.028070175438596492
MGH0593,0.01263157894736842
MGM0539,0.011111111111111112
MGS1944,0.027983539094650206
MGT0898,0.009246088193456615
MHH0980,0.02736842105263158
MHK0565,0.024752475247524754
MHM0660,0.06206896551724138
MHM1645,0.04827586206896552
MHP1377,0.0
MHS1277,0.027160493827160494
MIB0203,0.016241299303944315
MIB1265,0.0
MIC0916,0.002482929857231533
MJA1784,0.014814814814814815
MJF1600,0.0
MJF1646,0.013824884792626729
MJK0527,0.019471488178025034
MJR0711,0.02328863796753705
MJW1758,0.053488372093023255
MKC0869,0.016203703703703703
MKG0606,0.0
MKH0260,0.0069958847736625515
MKK0364,0.07185185185185185
MKR1094,0.06338028169014084
MKT1931,0.02551440329218107
MKW1422,0.004597701149425287
MLC0141,0.14396067415730338
MLH0942,0.06426592797783934
MLL0162,0.0
MLM1614,0.018225039619651346
MLW1038,0.0
MMB0383,0.0
MMB0556,0.031578947368421054
MMB1967,0.07816091954022988
MMC1008,0.032693674484719264
MMD1477,0.0
MME1034,0.006756756756756757
MMK1532,0.0
MML0631,0.1396694214876033
MMM0082,0.0017615971814445098
MMM1655,0.0
MMO0531,0.025367156208277702
MMR0390,0.04084507042253521
MMR1458,0.0
MMR1502,0.04238683127572016
MMS1905,0.0
MNE1698,0.0
MNM1948,0.01810699588477366
MOB1071,0.00041152263374485596
MOD1927,0.004243827160493827
MON0700,0.0
MOS0359,0.007497656982193065
MOW1888,0.008421052631578947
MPF0690,0.009411764705882352
MPK1844,0.0
MQS0196,0.09995869475423379
MRH0407,0.05277777777777778
MRW0625,0.0
MSC0216,0.048538011695906436
MSK0117,0.009259259259259259
MSM1800,0.0
MSN1911,0.0472972972972973
MSS0799,0.08
MTD0971,0.0
MTH0737,0.024216524216524215
MTP1582,0.0
MTS0958,0.011420413990007138
MUP1819,0.02263374485596708
MUW0570,0.007326007326007326
MVM0092,0.0
MVN1518,0.0327455919395466
MWB0225,0.0005847953216374269
MWC0761,0.011929824561403509
MXM0184,0.10747330960854093
MYB0686,0.012287887653598596
MYB1332,0.0
MZO1066,0.00205761316872428
MZV1557,0.032280701754385965
NAB1673,0.0
NAH1366,0.0
NAO1281,0.025102880658436213
NBB1935,0.018930041152263374
NBH0488,0.034482758620689655
NBL1190,0.007047216349541931
NBL1490,0.03426661094860008
NBM1257,0.0
NBP0252,0.07481481481481482
NCB0657,0.004705882352941176
NCC0454,0.0
NCM1243,0.03333333333333333
NCU1166,0.0
NEG0281,0.010029498525073746
NEP1848,0.0
NER1278,0.011522633744855968
NFH0677,0.012628624883068288
NFJ1694,0.0
NFS0617,0.0
NGB1625,0.00397456279809221
NHA0054,0.05555555555555555
NHB1529,0.013953488372093023
NHD0247,0.0
NHH1099,0.002325581395348837
NHR0768,0.032280701754385965
NIM1203,0.03596614950634697
NIM1282,0.005490196078431373
NIV1608,0.0
NJB0011,0.0
NJC0003,0.0006666666666666666
NJD1644,0.011737089201877934
NJJ0434,0.060324825986078884
NJK1732,0.011998345055854365
NJP0665,0.0
NJS1194,0.0042643923240938165
NJV1818,0.018930041152263374
NKD0115,0.0
NKF1871,0.0
NKG0319,0.004662004662004662
NKH0704,0.011655011655011656
NKM1738,0.023752969121140142
NKN1405,0.01658374792703151
NKT1510,0.00823045267489712
NLC1113,0.0
NMF1088,0.0
NMK0536,0.025
NMM0026,0.01618705035971223
NMP0782,0.043911007025761124
NMP1003,0.008559201141226819
NMV0716,0.012022630834512023
NNB1355,0.0
NNO0832,0.0
NOB1015,0.0
NRH0510,0.0
NRH1383,0.027940669196274578
NRM1656,0.006944444444444444
NRO1752,0.0
NRR0476,0.012693935119887164
NRR1835,0.002880658436213992
NRS0270,0.009433962264150943
NSS0926,0.0005868544600938967
NTB0710,0.0
NTG1667,0.0
NTM0305,0.006928406466512702
NTV1777,0.011929824561403509
NUW1599,0.0
NVA1748,0.0641025641025641
NWH0960,0.05052631578947368
NWP1609,0.0
NZH1839,0.0
NZL1395,0.007444168734491315
OAB0181,0.011695906432748537
OAJ0244,0.011695906432748537
OAP0978,0.025964912280701753
OBN1958,0.06206896551724138
OCD1985,0.025870178739416744
OCL1245,0.0
OCW1127,0.0
ODA0931,0.0637037037037037
ODB0034,0.048484848484848485
ODG1158,0.019203413940256046
OFA1415,0.02528735632183908
OFB1017,0.03508771929824561
OFM0341,0.0856140350877193
OFS0030,0.0
OHA1516,0.012757201646090535
OHC1798,0.0
OHR0583,0.04660194174757282
OHS0036,0.0
OIP1053,0.0
OJC0930,0.03508771929824561
OJF1882,0.009824561403508772
OJP1860,0.0576036866359447
OKC0155,0.0
OKH0453,0.02
OKM1092,0.013953488372093023
OLM1747,0.058004640371229696
ONB1833,0.02345679012345679
ONG1642,0.030232558139534883
OQE0920,0.012360211889346674
ORB0455,0.0
ORR0813,0.007017543859649123
OSS1463,0.012578616352201259
OTB0008,0.0
OTE0760,0.0
OWC0518,0.010526315789473684
OWS0279,0.0
PAA0121,0.011848341232227487
PAG0429,0.053613053613053616
PAH0819,0.0
PAM0867,0.02493765586034913
PAP1570,0.0
PBC0077,0.0
PBS0120,0.0
PCB0567,0.039285714285714285
PCK0271,0.011269276393831554
PDB1766,0.027906976744186046
PDH1180,0.01263157894736842
PEM0277,0.0
PFM1795,0.0
PGY1112,0.04918032786885246
PHG1778,0.00931899641577061
PHP0436,0.0
PHY0730,0.0
PIE1712,0.010326311441553077
PIR1632,0.0
PJB0886,0.0
PJC0254,0.05793991416309013
PJC0370,0.0
PKF1346,0.023157894736842106
PKS0278,0.043859649122807015
PKS1187,0.03807471264367816
PLF1030,0.0
PLL1043,0.0
PLM1716,0.02689284236657013
PMB1928,0.023221634332745444
PMC0815,0.0
PMC1560,0.05266666666666667
PMM1117,0.06666666666666667
PNA1776,0.009824561403508772
PPB1181,0.0
PRD0922,0.011692650334075724
PRF0257,0.0824014125956445
PRG0336,0.0
PRH0706,0.0
PRL0585,0.0
PRL0965,0.017543859649122806
PSC0426,0.0005899705014749262
PSS0157,0.013333333333333334
PSV1737,0.0
PTD0273,0.015321154979375369
PTH0005,0.0005847953216374269
PTH1889,0.0014035087719298245
PTM1432,0.011494252873563218
PTV0067,0.01056338028169014
PWB1739,0.0
PWF0709,0.0
PXS0749,0.002777777777777778
QAP0266,0.00885478158205431
QCM0672,0.004215456674473068
QCR0394,0.04584304584304584
QDB1765,0.04895104895104895
QEL1515,0.023045267489711935
QGB0554,0.04833333333333333
QGC0435,0.09198113207547169
QJF0725,0.0
QJH1605,0.008656224237427864
QJS1362,0.0
QKB0562,0.0
QKB1893,0.05442176870748299
QNB1329,0.03333333333333333
QRC1676,0.0
QRF0039,0.002331002331002331
QSG1150,0.042105263157894736
QSM1042,0.02040816326530612
QSS1380,0.0
QWP1513,0.0069958847736625515
QZH0367,0.06743185078909612
RAA0263,0.012172284644194757
RAB0251,0.050292397660818715
RAB1453,0.004912280701754386
RAH0052,0.06210526315789474
RAH0609,0.0
RAR0875,0.08235294117647059
RAS0197,0.05921325051759834
RAS1982,0.029885057471264367
RAT0514,0.0
RAV0088,0.04175513092710545
RBA1723,0.01118939079983423
RBC1624,0.02575488454706927
RBD0122,0.0028551034975017845
RBD1304,0.0
RBH0661,0.0
RBN1906,0.0
RCD0299,0.000666000666000666
RCG0584,0.005614035087719298
RCH1216,0.017699115044247787
RCL1864,0.04176334106728538
RCW1932,0.013580246913580247
RDB0546,0.058
RDC0128,0.030470914127423823
RDM0489,0.0
RDP1751,0.0
RDS1398,0.018656716417910446
RDT0361,0.0379746835443038
RDW1710,0.06702523789822093
REF1924,0.0
REL0910,0.0
REL1335,0.05920745920745921
REM1733,0.011019283746556474
RFC1991,0.0
RFP1918,0.011904761904761904
RFS0513,0.0
RGA1622,0.0
RHB1193,0.028228652081863093
RHD1155,0.02491103202846975
RHG0882,0.02947845804988662
RHM0775,0.02696629213483146
RIK0629,0.03333333333333333
RIP1368,0.0
RIS1254,0.0
RJC0381,0.0
RJD1533,0.013888888888888888
RJG0511,0.0
RJM0409,0.006432748538011696
RJM0634,0.08018280016618197
RJS1979,0.0
RJW0348,0.11285714285714285
RJW1406,0.02230347349177331
RKC0355,0.0
RKF0080,0.0
RKF1268,0.006666666666666667
RKG0607,0.0
RKM0478,0.006346967559943582
RKW1936,0.03909465020576132
RLF0472,0.011111111111111112
RLM1578,0.013422818791946308
RLP0666,0.016241299303944315
RMB1821,0.03633217993079585
RMH0906,0.022988505747126436
RMK1771,0.07319347319347319
RMN1226,0.03385049365303244
RMP0754,0.0
RMT0496,0.0
RMV1820,0.016049382716049384
RNB1685,0.10666666666666667
RNC1295,0.04139433551198257
ROA0482,0.007790368271954674
ROB0477,0.03857566765578635
RPJ1159,0.009206798866855524
RPM0125,0.005734767025089606
RQB0884,0.018518518518518517
RRC0891,0.008996212121212122
RRG1253,0.0
RRS0056,0.043859649122807015
RSB1054,0.0
RSH0836,0.0
RSM1133,0.0017543859649122807
RSM1426,0.0
RSS1825,0.018930041152263374
RTB0140,0.04424157303370786
RTH0564,0.0
RUM0165,0.01904090267983075
RVJ0046,0.016374269005847954
RWJ1403,0.0505175983436853
RWP1153,0.028070175438596492
RWR0991,0.03622159090909091
RXH1139,0.03925925925925926
RYG0413,0.10318949343339587
RYP0839,0.0
RZB0358,0.014953271028037384
SAA0374,0.08163265306122448
SAF1261,0.006666666666666667
SAF1942,0.007407407407407408
SAH0833,0.0
SAM0628,0.0
SAM0911,0.0
SAW1961,0.022988505747126436
SBL1161,0.004964539007092199
SBN1279,0.04897119341563786
SBP1176,0.0
SCB0187,0.02666666666666667
SCC0379,0.013605442176870748
SCC1470,0.0
SCF0430,0.0044742729306487695
SCH0670,0.0
SCI0778,0.019649122807017545
SCO1719,0.0
SCW1456,0.09333333333333334
SDF0318,0.003472222222222222
SDH1854,0.04
SDL0541,0.04982456140350877
SDR0388,0.0
SDT0600,0.0
SDW1781,0.0035087719298245615
SEC0985,0.023157894736842106
SEL1062,0.01397011046133853
SEO0946,0.002849002849002849
SFA1912,0.0
SFG1360,0.0
SFJ0856,0.019712140175219023
SFS1109,0.0
SGB0428,0.02763819095477387
SGH0834,0.033783783783783786
SGN0146,0.011547344110854504
SHC1499,0.00823045267489712
SHG1897,0.0
SIG0640,0.0534604227103191
SIH0801,0.008421052631578947
SIS0042,0.010526315789473684
SIV1287,0.012345679012345678
SJA0635,0.1079967023907667
SJC0232,0.004465334900117509
SJC1563,0.0
SJD1957,0.009195402298850575
SJG0228,0.03997501561524047
SJG1417,0.041379310344827586
SJP1023,0.0527411519777932
SKB1024,0.013793103448275862
SKB1962,0.03908045977011494
SKC0074,0.0
SKE1251,0.0
SKF0786,0.09735146743020759
SKF1892,0.0
SKH1910,0.0
SKL0325,0.0
SKN1688,0.0
SKV0041,0.005649717514124294
SKW0066,0.012159329140461216
SLC1391,0.011212624584717609
SLC1419,0.0
SLC1865,0.0
SLD1471,0.0
SLF1195,0.0
SLL0193,0.06768468840280643
SLM1526,0.023255813953488372
SLS1969,0.05925925925925926
SLZ0276,0.0007077140835102619
SMB0473,0.007057163020465773
SME1271,0.060082304526748974
SMK1323,0.0
SMN0397,0.0
SMS0432,0.004662004662004662
SMW1131,0.0
SMW1764,0.06960556844547564
SNA0415,0.007916666666666667
SNC0218,0.07660818713450293
SNC1721,0.0
SNK1280,0.007407407407407408
SNO0033,0.060526315789473685
SOP1142,0.07649122807017544
SPB1853,0.034722222222222224
SPH1244,0.0
SQC1072,0.019753086419753086
SQC1296,0.02880658436213992
SRC1468,0.0
SRM1184,0.003526093088857546
SRP1576,0.0
SRR0324,0.011228070175438596
SRR1521,0.013824884792626729
SSA0188,0.0035087719298245615
SSG0726,0.002807017543859649
SSH1780,0.002807017543859649
SSM1663,0.0
SSN1130,0.0005847953216374269
SSS1057,0.027210884353741496
SSS1129,0.0
SSS1683,0.006802721088435374
STH0135,0.0004714757190004715
STH0353,0.009122807017543859
STW0237,0.0
SVB0209,0.0397196261682243
SVF1858,0.032846715328467155
SWB1809,0.0
SWC1392,0.008641975308641974
SWM1101,0.0
SWM1653,0.004629629629629629
SYB0093,0.016140350877192983
SYH1902,0.006802721088435374
SZN1421,0.020689655172413793
TAB0519,0.017543859649122806
TAG1610,0.014601585314977055
TAH0300,0.0027137042062415195
TAJ0023,0.0011771630370806356
TAK0501,0.004231311706629055
TAL1665,0.004240282685512367
TAW0689,0.004161712247324614
TBA0283,0.07013301088270858
TBE1972,0.05517241379310345
TBF1107,0.030162412993039442
TBH1514,0.018930041152263374
TBM1476,0.0
TBM1904,0.0
TBP0548,0.11017543859649123
TCA1183,0.019649122807017545
TCC0311,0.062456140350877196
TCC0771,0.0
TCC1298,0.01646090534979424
TCF0559,0.0
TCH0264,0.008979206049149339
TCL0855,0.04175365344467641
TCP0380,0.006756756756756757
TCW1808,0.0
TDB1920,0.0
TDC0800,0.02666666666666667
TDC1086,0.012200435729847494
TDF0785,0.0667144906743185
TDH1351,0.0863157894736842
TDK0753,0.02361111111111111
TDR1930,0.005490196078431373
TES1536,0.0
TFS1081,0.010699588477366255
TFW1388,0.005279366476022877
TFW1681,0.0
THB1069,0.0
TIH0573,0.01471571906354515
TIR0025,0.004736530491415038
TJB1012,0.0
TJG0170,0.0136986301369863
TJO0663,0.06279069767441861
TJP0616,0.0
TKH1718,0.017625231910946195
TKP1186,0.0
TLB0894,0.020119225037257823
TLM0421,0.02551775147928994
TLS0643,0.08416666666666667
TLW1050,0.0
TLW1555,0.013333333333333334
TMC0934,0.018947368421052633
TME0887,0.05555555555555555
TMM0292,0.0
TMR0186,0.0
TMT0851,0.01653261840929401
TMT1509,0.00041152263374485596
TMW1907,0.0
TNB1616,0.002008032128514056
TNH1048,0.0
TOL1914,0.013422818791946308
TPO1049,0.0
TRA1671,0.0007067137809187279
TRB1093,0.014084507042253521
TRB1702,0.0
TRC1838,0.01934156378600823
TRP0892,0.013986013986013986
TRS0224,0.0009746588693957114
TRW0667,0.0
TSB1546,0.027972027972027972
TSG0262,0.007407407407407408
TSH1734,0.007453416149068323
TSJ0655,0.00234192037470726
TTD0288,0.0227111426543648
TTG0460,0.0
TTM0059,0.11052631578947368
TTR1792,0.0
TUJ1007,0.04939209726443769
TWB1223,0.07223796033994334
UAB0534,0.0125
UAM1108,0.0
UAR0024,0.0
UBG1493,0.020164609053497942
UCC0395,0.003745318352059925
UCD0608,0.0
UCM1572,0.0
UEH0944,0.03202846975088968
UGB0031,0.0
UHM1273,0.030041152263374487
UIS1637,0.046296296296296294
UJC0329,0.0
UKG0386,0.013333333333333334
UKM0845,0.013513513513513514
UMB0108,0.029473684210526315
UMB0310,0.0006265664160401002
UMB0322,0.04668304668304668
UMH1547,0.02470862470862471
UMT1084,0.024691358024691357
UNN0707,0.0
UOR1486,0.0
URB1668,0.0021141649048625794
USM0703,0.0
USW1994,0.024
UTM0493,0.003538570417551309
VAC0731,0.013333333333333334
VAH1292,0.012345679012345678
VBK0007,0.0
VCB1325,0.0
VCC0258,0.07634660421545668
VCF1602,0.0
VCG1873,0.03233256351039261
VCH0461,0.0
VCM0992,0.03997144896502498
VDB0481,0.008504606661941885
VFA1284,0.007058823529411765
VLV0933,0.03508771929824561
VMD0850,0.012184873949579832
VMP1252,0.0
VPA0974,0.00522875816993464
VRP0267,0.006310475389145982
VSB1317,0.002325581395348837
VSH1899,0.00684931506849315
VUW0873,0.0
VVG0624,0.0
VWM0491,0.0
WAF1652,0.0
WAH0793,0.08011444921316166
WAH1774,0.008125
WAS1823,0.005349794238683128
WBB0339,0.002105263157894737
WBK1077,0.030041152263374487
WBP0828,0.0
WCB0806,0.02528735632183908
WCN0261,0.019672131147540985
WCO0020,0.03076923076923077
WCR1830,0.0049382716049382715
WCR1998,0.0
WCW1013,0.02175438596491228
WDP1689,0.0
WDS1286,0.01316872427983539
WDT1634,0.020833333333333332
WDT1754,0.0
WEC0304,0.0
WFV0687,0.0017761989342806395
WGF1260,0.0
WHB1247,0.05333333333333334
WHG1669,0.0
WIR1720,0.04080221300138313
WIW1212,0.0
WJM1922,0.0
WLH1827,0.0
WLN0852,0.019254918375889492
WLN1730,0.005378568473314025
WLP0123,0.031541218637992835
WMH1300,0.0
WMS0486,0.0
WMS1274,0.06584362139917696
WNB1558,0.04842105263157895
WOG0797,0.05579710144927536
WOM1587,0.0
WOS1834,0.0102880658436214
WPC1984,0.023094688221709007
WPL0086,0.0
WRB1978,0.0
WRH0526,0.033426183844011144
WRH0868,0.02261640798226164
WSE1363,0.0
WSK1857,0.027586206896551724
WSW1091,0.09048723897911833
WTC0699,0.0006285355122564425
WWW0701,0.02336448598130841
WYG0599,0.0
WZB0733,0.028429282160625444
XAB0622,0.0
XAM0376,0.0
XAO1684,0.0
XAW0912,0.0017626321974148062
XBK0246,0.0
XCC1786,0.010526315789473684
XDG1256,0.0
XDM0723,0.009824561403508772
XFK0050,0.010526315789473684
XJB1052,0.0
XJH0483,0.0
XJP1627,0.026778242677824266
XJS1358,0.0
XKB0040,0.0
XKB1829,0.01646090534979424
XKR0168,0.0017543859649122807
XMG1579,0.0
XNC1338,0.07473684210526316
XRS0498,0.0
YBD1929,0.012757201646090535
YBH0948,0.024830699774266364
YBH1926,0.026748971193415638
YCC0119,0.05307855626326964
YDH0577,0.007530120481927711
YDM1822,0.013580246913580247
YEG1439,0.06666666666666667
YHO0982,0.016973125884016973
YIN0342,0.030877192982456142
YJB0171,0.006604506604506605
YJB0829,0.0
YKW1943,0.03827160493827161
YLH0423,0.02367109634551495
YLR1188,0.019148936170212766
YMF1089,0.0
YMJ0243,0.0
YNC1336,0.0021216407355021216
YNO0103,0.008344923504867872
YSH1997,0.0
YVJ0986,0.0
YWF1562,0.0
YYH0949,0.04157706093189964
ZAC0499,0.03455571227080395
ZAD1035,0.0
ZAD1345,0.06666666666666667
ZAD1621,0.0
ZAH0598,0.0
ZAR0235,0.009824561403508772
ZBC0291,0.036454610436025735
ZBG0938,0.028771929824561403
ZCB0983,0.0077738515901060075
ZDH1266,0.0
ZEH0685,0.014150943396226415
ZEP0543,0.052592592592592594
ZHB1104,0.002380952380952381
ZHP0989,0.00749063670411985
ZHR0596,0.0
ZIE0741,0.002840909090909091
ZIN1633,0.009195402298850575
ZJN1492,0.0242798353909465
ZJT1601,0.0
ZKH0164,0.0011799410029498525
ZKP0542,0.051228070175438595
ZLM1418,0.0022988505747126436
ZNP1565,0.0077192982456140355
ZOC0154,0.0
ZOF1559,0.0
ZPG1909,0.0
ZRF1980,0.01839080459770115
ZUR1449,0.010526315789473684
ZVW1475,0.0
ZWS0755,0.016666666666666666
ZXR1452,0.00631578947368421
