user,logon_risk
AAB1302,0.2123050259965338
AAB1762,0.3692162417374882
AAC0904,0.0
AAC1033,0.23669467787114845
AAC1489,0.23529411764705882
AAG1136,0.7367678193366267
AAL1327,0.2689075630252101
AAM0972,0.4803921568627451
AAO1919,0.4895287958115183
AAR1793,0.16666666666666666
AAW0914,0.6630662020905923
AAW0952,0.28492935635792777
AAW0969,0.5483870967741935
ABB0019,0.04843304843304843
ABC1881,0.15210355987055016
ABL1229,0.5238095238095238
ABM0890,0.0
ACA1126,0.6761113825109917
ACB0220,0.0
ACB1087,0.15488867376573087
ACB1485,0.0
ACC0950,0.34053700065487885
ACC1855,0.226890756302521
ACD1174,0.5
ACE1431,0.1549053356282272
ACG0152,0.23949579831932774
ACH0937,0.0
ACH1011,0.2535014005602241
ACH1831,0.0
ACH1840,0.0
ACJ1797,0.2074468085106383
ACM1770,0.3644488579940417
ACR1045,0.23949579831932774
ACS0589,0.5
ACT1903,0.3843984962406015
ACW0078,0.0
ADC1014,0.23809523809523808
ADG0619,0.5
ADH0153,0.23249299719887956
ADH1016,0.226890756302521
ADL1898,0.5555555555555556
ADR0810,0.5
ADR1156,0.37613168724279833
AEC1085,0.242296918767507
AEF1032,0.22549019607843138
AEG0962,0.3641933287950987
AEH0001,0.0
AEM0113,0.5
AEO1116,0.7296918767507002
AES1373,0.3240115718418515
AFC0792,0.3798076923076923
AFL1759,0.2894211576846307
AFN0176,0.49719887955182074
AFP1341,0.2507002801120448
AFW1639,0.0
AGB0447,0.5
AGB0901,0.5322128851540616
AGB1507,0.226890756302521
AGC0592,0.4992987377279102
AGH1971,0.0
AGW1389,0.2645850451930978
AHC1044,0.3288177339901478
AHD0590,0.5
AHH0085,0.0
AHJ1993,0.4582417582417582
AHN0681,0.6364269141531322
AHN0998,0.011055276381909548
AIE0773,0.24649859943977592
AIH0814,0.7282913165266106
AJB1763,0.49859943977591037
AJD1612,0.2661064425770308
AJH0191,0.028888888888888888
AJH0724,0.1676470588235294
AJM0049,0.6091352859135286
AJM0956,0.5
AJR1103,0.5287804878048781
AJS1408,0.226890756302521
AJS1482,0.0
AJT0419,0.5
AKD0332,0.0
AKK0032,0.0
AKM0214,0.15747241725175526
AKP0503,0.0
AKR0756,0.5
AKS0448,0.0
AKS0586,0.4300341296928328
AKS0662,0.5
ALB0668,0.5
ALB1144,0.45938375350140054
ALC0604,0.2338935574229692
ALH0506,0.0
ALM1768,0.1802154750244858
ALN0182,0.3591549295774648
ALT1465,0.014539579967689823
ALW0764,0.010224948875255624
AMB0403,0.5
AMB0745,0.5
AMC0265,0.7447625698324022
AMC0854,0.5
AMC1724,0.5
AMC1883,0.23777173913043478
AME1364,0.5
AMG1628,0.2178714859437751
AMH1887,0.22135416666666666
AML0268,0.6665578053559765
AMM1285,0.22268907563025211
AMS1236,0.4426919032597266
ANC0027,0.0
ANG0427,0.3568665377176016
ANH1110,0.7196765498652291
ANH1583,0.9985994397759104
ANM0830,0.0
ANR0502,0.0
ANS0705,0.0
ANT0148,0.531496062992126
AOB0391,0.0
AOC1283,0.1903765690376569
AOH0883,0.3283283283283283
AOP1202,0.0
APD1148,0.36498257839721254
APR1168,0.5371669004207573
AQC0371,0.5
AQL1757,0.5
ARB0626,0.34500426985482496
ARD0538,0.42027027027027025
ARD0790,0.41625916870415647
ARF0719,0.0
ARG1264,0.45518207282913165
ARL0411,0.5
ARM0333,0.0
ARM0805,0.3521951219512195
ARP0574,0.3559322033898305
ARP1356,0.48938992042440316
ARV1884,0.24369747899159663
ASB0658,0.5
ASC1297,0.23249299719887956
ASH0298,0.0
ASH0458,0.494550408719346
ASM0398,0.0
ASO0180,0.2338935574229692
ASR0150,0.2317596566523605
AST0328,0.4943977591036415
ATB0490,0.0
ATC1916,0.5
ATD0517,0.0
ATD1067,0.22969187675070027
ATO0307,0.0
ATS1073,0.22829131652661064
AUH0138,0.4565826330532213
AVG1169,0.5
AVH1217,0.0
AVP1137,0.6709470304975923
AWB1309,0.2927170868347339
AWB1661,0.3478835978835979
AWC1213,0.0
AWD1976,0.0
AWK1773,0.22969187675070027
AWW0676,0.3960084033613445
AWW0718,0.0
AWW1749,0.3562874251497006
AXP1568,0.343311506080449
AXS0729,0.24509803921568626
AYG1697,0.009287925696594427
AZW1420,0.242296918767507
BAA0385,0.0
BAB1874,0.23249299719887956
BAG0315,0.49719887955182074
BAH1537,0.5
BAR1328,0.3359375
BAR1640,0.0
BAS0763,0.0
BAS1078,0.22969187675070027
BAS1097,0.7184873949579832
BAT1359,0.5
BBB0012,0.5236180904522613
BBC1191,0.25210084033613445
BBF0480,0.24161073825503357
BBG0378,0.0
BBH1945,0.5
BBM0588,0.36133603238866396
BBN0449,0.0
BBR1381,0.5
BBW0151,0.22128851540616246
BCA1517,0.5
BCB1715,0.3720292504570384
BCC1259,0.5
BCC1597,0.9512471655328798
BCG0853,0.35771543086172347
BCL0231,0.21708683473389356
BCL1423,0.22268907563025211
BCR0747,0.4715510522213562
BCS1310,0.27450980392156865
BDB1111,0.7408963585434174
BDC0936,0.08773234200743495
BDF0015,0.05588044184535412
BDH0981,0.5
BDM0274,0.6432337434094904
BDM0442,0.3220338983050847
BDM1204,0.0
BDM1457,0.0
BDP0096,0.4996220710506425
BDP1162,0.5280112044817927
BDR0223,0.14539579967689822
BEM1501,0.23249299719887956
BGC0649,0.0
BGF1845,0.0
BGH1443,0.5
BGK0345,0.5780141843971631
BGM0233,0.0
BGR0917,0.6523418638338967
BHA1577,0.673354735152488
BHB0717,0.0
BHG1947,0.5
BHM1707,0.47619047619047616
BHP1872,0.24089635854341737
BIM0885,0.5
BIS1598,0.9340909090909091
BJG0492,0.0
BJG1852,0.21008403361344538
BJH0601,0.23949579831932774
BJM1314,0.18317972350230416
BKA1178,0.5
BKB0669,0.5
BKF0632,0.0
BKG0597,0.3020833333333333
BKL0545,0.3595166163141994
BLC1263,0.5
BLK0698,0.36465781409601633
BLW0552,0.5
BMC0650,0.0
BMG1070,0.2549019607843137
BMR0343,0.0
BMR0865,0.5
BNE1140,0.33442892358258014
BNN0975,0.5
BNS0484,0.1079913606911447
BNT1804,0.226890756302521
BNV1461,0.0
BOC1318,0.2647058823529412
BOS1170,0.34150772025431425
BPA0095,0.5
BPK1731,0.43977591036414565
BRG0728,0.2415966386554622
BRL1701,0.0
BRM0126,0.5
BRM1080,0.16853932584269662
BRM1454,0.5
BSD1735,0.5
BSO0826,0.7324929971988795
BSS0847,0.0
BSW1959,0.0
BSY1451,0.5
BTD0296,0.0
BTD1059,0.22829131652661064
BTG1551,0.5
BTN0147,0.5
BTR1410,0.23529411764705882
BTV1433,0.21034077555816685
BUE1561,0.4074803149606299
BUH1249,0.453781512605042
BWC0509,0.0
BWJ1539,0.47862232779097386
BWM0175,0.5588235294117647
BWW0751,0.5
BYO1846,0.0
BYS0199,0.0
BYV1695,0.0
BYW1523,0.48739495798319327
BZC1806,0.2785862785862786
BZF0651,0.5
CAB0290,0.5
CAB1160,0.4943977591036415
CAB1189,0.16981132075471697
CAB1886,0.21988795518207283
CAC1083,0.20633397312859886
CAD0354,0.34942084942084944
CAD0866,0.5
CAF0109,0.350076103500761
CAG1416,0.1580020387359837
CAH0149,0.22268907563025211
CAH0595,0.4887955182072829
CAM0158,0.386046511627907
CAM1025,0.21461609620721553
CAP0471,0.5678776290630975
CAS0997,0.014005602240896359
CAS1068,0.22408536585365854
CAV0656,0.5
CBC1504,0.21875
CBC1607,0.27170868347338933
CBD1128,0.6885688568856886
CBD1574,1.0
CBG0183,0.0
CBH1635,0.0
CBK0185,0.5
CBK1908,0.43166666666666664
CBM1272,0.23529411764705882
CBN1983,0.5
CBP0507,0.0
CBS1856,0.21
CBW1826,0.0
CCB0076,0.0
CCB1836,0.0831918505942275
CCC0569,0.351555136663525
CCC1691,0.0
CCC1900,0.5
CCG1347,0.23529411764705882
CCK1540,0.5
CCM0612,0.40896358543417366
CCM1270,0.22829131652661064
CCM1401,0.22549019607843138
CCP0774,0.21988795518207283
CCP1460,0.0
CCP1491,0.23249299719887956
CCR0338,0.16016016016016016
CCR1396,0.1659959758551308
CCT0142,0.0
CCW0097,0.5
CDB1594,0.9772727272727273
CDD1124,0.741305890702626
CDG0551,0.306875
CDG0770,0.20238095238095238
CDL0189,0.0
CDO0684,0.7136929460580913
CEB1879,0.16312056737588654
CEG1442,0.5
CEG1467,0.0
CEG1535,0.5
CEH1567,0.4803921568627451
CEM1385,0.12747426761678543
CES0201,0.5
CEW1960,0.0
CFJ0335,0.23949579831932774
CGF1056,0.23013698630136986
CGN0451,0.0
CGS0309,0.0
CGS0647,0.0
CGV0671,0.35771543086172347
CGW1511,0.24369747899159663
CHL0953,0.5
CHM1312,0.19279128248113997
CHN0282,0.5
CHP1711,0.3618181818181818
CHS1238,0.4327731092436975
CHW0919,0.6128440366972477
CHW1210,0.0
CIF1430,0.17408123791102514
CIM1095,0.5952380952380952
CIM1232,0.3551617873651772
CIS1542,0.5
CIW1591,1.0
CJE1192,0.21428571428571427
CJG0897,0.2338935574229692
CJH0504,0.0
CJL0143,0.0
CJM0410,0.42
CJM0802,0.3875
CKB0245,0.0
CKC0487,0.0
CKD0967,0.5
CKE0373,0.7569620253164557
CKH0316,0.484593837535014
CKL0652,0.5
CKM0939,0.0
CKP0213,0.0
CKP0630,0.4397590361445783
CKR1446,0.5
CKR1700,0.0
CKW0915,0.5665222772277227
CLC1425,0.2314165497896213
CLD1435,0.3504566210045662
CLF1981,0.0
CLG0114,0.38392857142857145
CLG0516,0.0
CLJ1447,0.5
CLL0306,0.0
CLL0494,0.0
CLM1538,0.46218487394957986
CLN0061,0.3433433433433433
CLS1331,0.226890756302521
CLZ1937,0.5
CMB0824,0.5844155844155844
CMC0816,0.711484593837535
CMD0127,0.36133603238866396
CML1114,0.7450980392156863
CMM1987,0.5
CMV0524,0.0
CNH1896,0.5
CNM0787,0.4839572192513369
CNM1208,0.0
COB0021,0.0
COG0940,0.0
CPC0190,0.0
CPD0474,0.1636546184738956
CPD1525,0.5
CPL0439,0.0
CPS1512,0.22408963585434175
CPW0219,0.0
CQR1172,0.5
CRB0648,0.0752405949256343
CRC0217,0.014143094841930116
CRC1132,0.7587388622344071
CRD0272,0.656322730799069
CRD0404,0.4908616187989556
CRD0987,0.3654995730145175
CRG0063,0.3628048780487805
CRM0880,0.4600280504908836
CRM0907,0.22348754448398578
CRM0963,0.3598790322580645
CRR1966,0.0
CRW0627,0.34632819582955576
CSB0327,0.5
CSB0990,0.022408963585434174
CSE0417,0.49859943977591037
CSV1242,0.484593837535014
CSW1165,0.5336134453781513
CTB0744,0.49719887955182074
CTB0923,0.6368619390202124
CTH1812,0.21212121212121213
CTK0037,0.3561387066541706
CTK0406,0.32959101844426625
CTM1817,0.23582995951417005
CTP0071,0.5
CTT0639,0.0
CVS0720,0.0
CWC0006,0.4331723027375201
CWM0618,0.35735735735735735
CWR0696,0.34757281553398056
CWW1120,0.7505551443375278
CYG0522,0.0
CZK1473,0.0
CZY0110,0.5
DAC1548,1.0
DAC1641,0.0
DAD0331,0.0
DAD0713,0.0
DAD1438,0.242296918767507
DAE1219,0.3760245901639344
DAH0512,0.0
DAH1996,0.41456582633053224
DAL0795,0.3182608695652174
DAR0139,0.0
DAS1320,0.24678111587982832
DBB1004,0.022408963585434174
DBJ1992,0.5
DBK0284,0.5
DBS0048,0.5481832543443917
DCA0857,0.4523809523809524
DCB0446,0.5120593692022264
DCB1000,0.011204481792717087
DCC1119,0.671345995045417
DCD0715,0.0
DCF1237,0.5091164095371669
DCF1479,0.0
DCK1782,0.23809523809523808
DCR1648,0.06470248411322935
DCS0636,0.0
DCV1185,0.23937677053824363
DDK0995,0.10224215246636771
DDM1065,0.22829131652661064
DDR1649,0.0
DDR1876,0.24555160142348753
DDS1090,0.7226890756302521
DDW0757,0.4992987377279102
DEB0727,0.18141980718667836
DEB1767,0.0
DEC1939,0.5
DEM0018,0.0
DEO1964,0.046742209631728045
DES0591,0.5
DES1474,0.0
DEW0384,0.0
DEW1968,0.0
DHP0732,0.23809523809523808
DHP1989,0.48599439775910364
DHR1157,0.5677290836653387
DHS0204,0.3570274636510501
DIB1946,0.3771593090211132
DIM0330,0.0
DIR0835,0.0
DJA0192,0.0
DJC0137,0.5154061624649859
DJC0337,0.22829131652661064
DJH0253,0.5
DJH0812,0.5
DJH0895,0.23529411764705882
DJJ1480,0.0
DJP1603,0.27170868347338933
DJT1534,0.35807422266800404
DJW0357,0.5
DJW0418,0.5
DKC0053,0.5
DKG0161,0.35888187556357076
DKG0637,0.0
DKJ1319,0.30392156862745096
DKS0563,0.0
DLB0401,0.14655172413793102
DLB0955,0.5
DLH0679,0.2973372781065089
DLM0334,0.0
DLM1699,0.0
DLW0349,0.3567046450482033
DLW1705,0.3600317208564631
DMB1459,0.0
DMD1197,0.3724604966139955
DMJ0222,0.22853185595567868
DML0822,0.7296918767507002
DMN1365,0.3436619718309859
DMP0344,0.0
DMW1849,0.23880597014925373
DNF0876,0.5
DNG0831,0.0
DNJ0740,0.32554744525547447
DNT1801,0.22408963585434175
DNW0899,0.33801580333625986
DOH1483,0.0
DOL0765,0.0
DOR0935,0.0
DOS0777,0.23669467787114845
DOT0144,0.0
DPC1618,0.24334319526627218
DPK0954,0.5
DPL1307,0.2886178861788618
DPN1990,0.39439818319454956
DPR1589,1.0
DQM0809,0.5084134615384616
DQR1670,0.3591549295774648
DQS0807,0.48179271708683474
DRH1041,0.2338935574229692
DRJ0070,0.16776625824693686
DRM0443,0.5
DRN0735,0.5126050420168067
DSB0530,0.31575829383886256
DSC1741,0.5
DSH1074,0.1432
DTB0722,0.2125748502994012
DTB0964,0.5
DTC0840,0.0
DVM1290,0.2300140252454418
DVV1986,0.4802955665024631
DWR1387,0.22268907563025211
DXB1791,0.22549019607843138
DXF1662,0.5
DYN1105,0.7354709418837675
DZA0195,0.0
DZH1867,0.14543960558751026
DZM1550,0.0
DZO0285,0.01680672268907563
DZO0999,0.008146639511201629
EAC0769,0.3258145363408521
EAG0633,0.0
EAH1973,0.0
EAL1813,0.25
EAM1308,0.1945945945945946
EAP0107,0.5
EAP0312,0.23109243697478993
EAS1970,0.0
EBA0758,0.5
EBB0827,0.7521008403361344
EBD1636,0.0
EBG1553,0.5
EBP1022,0.21568627450980393
EBQ1246,0.47512437810945274
EBW0553,0.5
ECD1434,0.23249299719887956
ECT1326,0.18263205013428827
ECV1289,0.2184873949579832
ECW0160,0.2719033232628399
ECY0838,0.0
EDC0697,0.5609504132231405
EGF1305,0.27912824811399833
EGG1466,0.0
EGM1222,0.3480345158197507
EHJ1339,0.15930902111324377
EHM0340,0.0
EIW0714,0.0
EJB0241,0.45034843205574915
EJC1225,0.5084033613445378
EJG1445,0.5
EJM1742,0.5
EJO0236,0.2737226277372263
EJV0094,0.3592814371257485
EJW1544,0.4992987377279102
EKR0073,0.5
EKS1182,0.5845511482254697
ELC1173,0.4421657095980312
ELM1123,0.6946075814201815
ELT1370,0.2849604221635884
EMB0902,0.3923404255319149
EMM0393,0.0
EMM0641,0.0
EMR0269,0.692531779661017
ENB1617,0.3277310924369748
ENM1861,0.15365239294710328
EOG0433,0.5
EPB0893,0.36133603238866396
EPG1196,0.26129032258064516
EPJ0445,0.5
ERB0104,0.5
ERB0921,0.6846314325452016
ERM1590,0.6669750231267345
ERR0525,0.0
ERV1880,0.2338935574229692
ESH1028,0.14934660858742999
ESM1828,0.010702341137123745
ESP1198,0.25555555555555554
ESW0928,0.6168831168831169
ETW0002,0.012461059190031152
EUN1870,0.15845410628019324
EVF1595,0.7190332326283988
EWA0156,0.351976856316297
EWP1316,0.1998001998001998
EXB0090,0.0
EYM0896,0.22829131652661064
EZB0925,0.5901946985690828
EZG0968,0.333
FAD1863,0.1846619576185671
FAH0134,0.0
FAJ1122,0.7465069860279441
FAM0211,0.5
FAM0495,0.0
FAR0102,0.49859943977591037
FCB1141,0.36757624398073835
FCG0693,0.31862312444836716
FCW1100,0.7380952380952381
FDD1520,0.5
FDS0523,0.1085814360770578
FDS1690,0.0
FDS1841,0.0
FES1814,0.2338935574229692
FEV1955,0.0
FGA0659,0.3628048780487805
FGW1794,0.2184873949579832
FIM0605,0.23628048780487804
FJP1692,0.0
FKH0864,0.5
FKS0069,0.23109243697478993
FKS1696,0.0
FLM1541,0.3606060606060606
FMG1549,0.21801286633309508
FMH1018,0.22128851540616246
FMH1552,0.0
FMP0459,0.3469387755102041
FRM0010,0.23669467787114845
FRS0694,0.3933333333333333
FWB1999,0.48195876288659795
FWT1586,0.7219413549039434
FYC0060,0.0
FZG0389,0.01568627450980392
GAD0664,0.3602421796165489
GAF0250,0.22549019607843138
GAF1862,0.15292096219931273
GAT1343,0.1670103092783505
GBM0346,0.5
GBO1324,0.2619047619047619
GBV0440,0.3620689655172414
GCB0118,0.0
GCC1659,0.0
GCD0194,0.0
GCD0863,0.5
GCE1147,0.5
GCG1753,0.5
GCH0470,0.6229151559100797
GCS1686,0.0
GCT0366,0.40520833333333334
GCW0456,0.5
GDC0055,0.5488372093023256
GDD1687,0.0
GEK1638,0.0
GEM0462,0.3161705551086082
GER0350,0.5
GFM1815,0.24675324675324675
GFS0555,0.5
GFS0750,0.43982683982683984
GFV1837,0.0
GGD1545,0.3632585203657523
GGM1604,0.32786885245901637
GGM1629,0.21196754563894524
GHM0736,0.5
GHW0372,0.4642857142857143
GIA1171,0.4178127046496398
GIB0314,0.34763181411974975
GIC1151,0.5
GJB0363,0.4061624649859944
GJC0870,0.5
GJM1409,0.14695652173913043
GKG1693,0.0
GKM1647,0.0
GKW0043,0.6202460850111857
GLC1055,0.2338935574229692
GLC1878,0.23109243697478993
GMB0400,0.22776280323450135
GMC0051,0.49159663865546216
GMF0229,0.23249299719887956
GMM1037,0.14732142857142858
GMR1399,0.21991701244813278
GNG1026,0.242296918767507
GNV1082,0.2338935574229692
GPH0932,0.0
GPO1020,0.15043290043290045
GPS0321,0.22408963585434175
GPS0970,0.300796812749004
GQG1484,0.0
GRB0748,0.5
GRB1842,0.0
GRK0623,0.5
GRR1428,0.2551111111111111
GRS1214,0.0
GSA1925,0.552439024390244
GSB0173,0.21485411140583555
GSH1262,0.49019607843137253
GSV0295,0.0
GTC0081,0.011846001974333662
GTC0614,0.379182156133829
GTF1464,0.0
GTN1021,0.23948220064724918
GTP1369,0.2565359477124183
GUT1619,0.18604651162790697
GVM1337,0.14915040906230334
GWG0497,0.0
GWH0961,0.34806629834254144
GWO1660,0.3821138211382114
GXM1952,0.5
GYP1321,0.17990275526742303
HAB1787,0.23529411764705882
HAB1894,0.48218029350104824
HAC1527,0.48673740053050396
HAD0702,0.0
HAE0105,0.434640522875817
HAH1965,0.0
HAL1933,0.35771543086172347
HBD0788,0.4957983193277311
HBF0022,0.0
HBF1179,0.5
HBF1250,0.49859943977591037
HBH0111,0.347682119205298
HBH0988,0.5
HBP0009,0.3412291933418694
HBP1076,0.22465753424657534
HBR1528,0.34647302904564314
HBS0392,0.0
HBS1299,0.25910364145658266
HBW0057,0.0830188679245283
HBW0683,0.7441693577323286
HCE1200,0.0
HCM1717,0.484593837535014
HCP0900,0.5
HCV0286,0.5
HDA1824,0.0
HDC0844,0.0
HDH1384,0.23949579831932774
HDL0789,0.3598790322580645
HDL1230,0.33246301131418626
HDM0017,0.0
HDM1040,0.23249299719887956
HDW0743,0.3693181818181818
HDW1779,0.15775635407537247
HEB1313,0.20076481835564053
HFC0248,0.21988795518207283
HFF0560,0.5
HFM0465,0.6124600638977635
HGG0166,0.0
HGG0535,0.3034825870646766
HGS0888,0.5933940774487472
HHD1606,0.2815126050420168
HHM1746,0.4635854341736695
HIK0425,0.363914373088685
HIS1394,0.26294820717131473
HJA1954,0.0
HJB0858,0.5
HJB1444,0.453382084095064
HJC1227,0.46218487394957986
HJL1631,0.0
HJM0688,0.7337570621468926
HJO0779,0.08924949290060852
HJO1239,0.4425770308123249
HJR0841,0.0
HJS0909,0.6195687158030254
HJW0947,0.47198879551820727
HJW1371,0.2903795233892321
HKF1921,0.3598790322580645
HKK0881,0.354978354978355
HKR1291,0.23109243697478993
HKW1530,0.363914373088685
HKW1995,0.4208664898320071
HLG1851,0.14687714481811942
HLH0682,0.6569400630914827
HLL1488,0.23949579831932774
HMC1322,0.2703081232492997
HMC1677,0.089198606271777
HMC1847,0.0
HMD1505,0.24369747899159663
HMH1596,1.0
HMI1448,0.33146382501402133
HMK0653,0.5
HMM1058,0.24649859943977592
HMS1658,0.0
HMW0602,0.2526843235504653
HND1098,0.7380952380952381
HNJ0638,0.055637982195845696
HNJ1407,0.16700404858299595
HNP1152,0.4887955182072829
HNR0874,0.35807422266800404
HOD1010,0.22829131652661064
HOS1349,0.23249299719887956
HPC1404,0.24089635854341737
HPC1941,0.40103092783505156
HPM0360,0.5
HQG0905,0.4831932773109244
HRB1725,0.34773869346733666
HRC0776,0.34941176470588237
HRC0977,0.5
HRE0297,0.087509349289454
HRE1950,0.5366071428571428
HRG0957,0.453781512605042
HRR0079,0.0
HRR1154,0.45652173913043476
HRT0984,0.5043859649122807
HSF1115,0.4942528735632184
HSG1585,1.0
HSH1102,0.7282913165266106
HSK0369,0.5
HSK0479,0.22969187675070027
HSN0675,0.3538135593220339
HST0084,0.0
HSV0878,0.5
HTB0444,0.3594961240310077
HTH1001,0.008403361344537815
HTM1498,0.17443973349485162
HTR0239,0.5
HTS0762,0.0
HUM0973,0.49859943977591037
HVL1679,0.0
HVM1288,0.17036290322580644
HWR1573,1.0
HWS0101,0.5
HWS1772,0.0
HXP0976,0.5
HYA0368,0.5616113744075829
HYV0848,0.0
IAC0825,0.7240896358543417
IAG1051,0.23669467787114845
IAH1241,0.43557422969187676
IAH1755,0.5
IAJ1729,0.43137254901960786
IAM1913,0.5
IAR0301,0.0
IBH1267,0.291497975708502
IBR0131,0.17814052519517387
IBS1682,0.0
ICB1354,0.5
ICB1890,0.1798780487804878
ICH1810,0.17317317317317318
ICM0537,0.5
ICP1063,0.23249299719887956
ICS1248,0.34791454730417093
ICW0083,0.0
IDB0843,0.0
IDC0249,0.17272727272727273
IDC1744,0.3836538461538462
IDC1775,0.15860735009671179
IDW1713,0.5
IEH0412,0.17935871743486975
IEL0302,0.0
IEP0746,0.5
IFD1761,0.5
IGG1571,0.706831119544592
IGN0206,0.5
IHC0561,0.018134715025906734
IIM0781,0.0
IJM0603,0.22770700636942676
IJM1276,0.23249299719887956
IKB0691,0.5
IKS0136,0.3600395647873393
IKW0174,0.22829131652661064
IKW0678,0.41876750700280113
ILF0913,0.6767746381805652
ILG0879,0.4725274725274725
ILH1564,0.48179271708683474
ILH1650,0.0
ILH2000,0.36133603238866396
ILJ0929,0.0
ILJ1816,0.24089635854341737
ILM1441,0.14603174603174604
ILR1613,0.29971988795518206
IMC0133,0.0
IMR0323,0.48599439775910364
INC0091,0.0
INK1859,0.22408963585434175
INW1064,0.23529411764705882
IPF0550,0.3694207027540361
IQB1745,0.5
IQT0352,0.3693950177935943
IRC1877,0.26206322795341097
IRH1224,0.45153061224489793
IRM0766,0.0
IRN1736,0.4327731092436975
IRP1353,0.3440265486725664
IRP1440,0.2184873949579832
ISD1866,0.24789915966386555
ISK0116,0.0
ISS0508,0.0
ISW0738,0.49798387096774194
ITA0159,0.5
ITM0068,0.22829131652661064
ITV0200,0.4247787610619469
IVS1411,0.22580645161290322
IYF1060,0.2184873949579832
IYH1611,0.187374749498998
JAB1917,0.5
JAC0457,0.44039270687237025
JAC0721,0.0
JAC1275,0.226890756302521
JAC1524,0.5388471177944862
JAD1379,0.5
JAG0106,0.3819047619047619
JAG0861,0.49719887955182074
JAH1802,0.24089635854341737
JAL0811,0.4948453608247423
JAM0752,0.5
JAR0794,0.4649859943977591
JAR1708,0.36243654822335025
JAT1218,0.0
JAW0280,0.3609706774519717
JAW1429,0.16464646464646465
JBB1333,0.3723196881091618
JBC1885,0.24089635854341737
JBG1375,0.36792452830188677
JBI1134,0.6515860634425377
JBL0414,0.3795620437956204
JBL0615,0.48289473684210527
JBL1657,0.0608044901777362
JBP1832,0.0
JBR1651,0.0
JBR1940,0.36133603238866396
JCB0544,0.3608964451313756
JCB0791,0.5
JCC0016,0.3814133591481123
JCF0594,0.3440951571792693
JCK0692,0.36023622047244097
JCM0580,0.36927480916030536
JCP1478,0.0
JCS1506,0.14995715509854327
JCV0994,0.022408963585434174
JDB1163,0.35282651072124754
JDC0326,0.5
JDF0846,0.0
JDG0255,0.5
JDJ1949,0.4817204301075269
JDM0208,0.5
JDM0396,0.0
JDR0004,0.23669467787114845
JDR0927,0.6873209169054442
JDR1106,0.7408963585434174
JDS0177,0.38832997987927564
JDW1019,0.24509803921568626
JEC1427,0.1643730886850153
JEH0587,0.5
JFC0075,0.0
JGB1393,0.21988795518207283
JGM1269,0.15701668302257116
JGW0820,0.5259197324414716
JHM1805,0.14854368932038836
JHP1654,0.0
JHR1580,1.0
JIB1258,0.4713375796178344
JIG1593,0.9809264305177112
JIL1675,0.0
JIP1220,0.5126050420168067
JIP1503,0.16380182002022245
JIT0356,0.5
JIT0654,0.3404081632653061
JJA1164,0.4957983193277311
JJC0259,0.5055401662049861
JJF1167,0.5021037868162693
JJH0862,0.5952380952380952
JJL1566,0.4481792717086835
JJL1722,0.4117647058823529
JJM0234,0.0
JJP0798,0.3922594142259414
JJS0013,0.0
JJW1785,0.15825688073394495
JKB0287,0.03787878787878788
JKB0924,0.6752167630057804
JKB1811,0.23949579831932774
JKB1843,0.0
JKC1522,0.5
JKM1790,0.1930783242258652
JLC0558,0.40456273764258555
JLC0742,0.32215357458075905
JLC0796,0.40336134453781514
JLC1301,0.16343723673125526
JLD1666,0.48704663212435234
JLF1315,0.2230347349177331
JLL1975,0.0
JLM0422,0.5
JMA0540,0.5
JMK1531,0.3475314617618587
JMM0613,0.49700598802395207
JMP0275,0.31934731934731936
JMS0859,0.3753191489361702
JMV1450,0.5541871921182266
JMW0038,0.5
JNB0673,0.5
JNR1592,0.9825268817204301
JOB0532,0.5391621129326047
JOE1672,0.5
JOM1740,0.49859943977591037
JOR1039,0.2507002801120448
JOR1221,0.5210084033613446
JOR1495,0.20277078085642317
JPB0450,0.0
JPK0945,0.5
JPM0035,0.005555555555555556
JPW0533,0.3647984267453294
JQC0210,0.4295900178253119
JQS1350,0.16818642350557245
JRB0759,0.0
JRC0238,0.21389645776566757
JRC1963,0.0
JRE1402,0.23109243697478993
JRH0993,0.01680672268907563
JRS0674,0.4369873228933632
JRW1374,0.49159663865546216
JSA0468,0.6192946058091287
JSB0803,0.38381742738589214
JSB0860,0.5
JSB1915,0.5
JSH1678,0.0
JSO1500,0.1750503018108652
JTB0163,0.31896551724137934
JTF0313,0.15391084945332212
JTK0784,0.5
JTS0903,0.23809523809523808
JUL0610,0.1663306451612903
JUP1472,0.018032786885245903
JUW1135,0.6770999680613222
JVC1704,0.0
JVH0571,0.5
JVH1575,0.6481033091202583
JVM0772,0.226890756302521
JWS0047,0.559873617693523
JXH1061,0.22284122562674094
JXN0581,0.3441226575809199
JYC0959,0.32484725050916496
JYS0621,0.4047186932849365
KAC1209,0.025923016496465043
KAD0387,0.0
KAD0817,0.5368314833501514
KAG0547,0.3631739572736521
KAG0566,0.3930131004366812
KAH1868,0.17182817182817184
KAH1977,0.0
KAJ1413,0.17973231357552583
KAM0169,0.23529411764705882
KAM0645,0.0
KAW0431,0.45938375350140054
KAW0642,0.0
KBB1294,0.16111111111111112
KBB1803,0.16933867735470942
KBC0818,0.5609065155807366
KBC1390,0.28164556962025317
KBC1680,0.0
KBG1201,0.0
KBL0908,0.1891891891891892
KBL1728,0.38235294117647056
KBP0124,0.40421631530705776
KBR0575,0.5007012622720898
KCB1799,0.23249299719887956
KCC1988,0.5
KCF0767,0.0
KCG0044,0.5308980213089802
KCG1615,0.2174959871589085
KCH1437,0.17269076305220885
KCJ1788,0.14738646101113967
KCK1494,0.23949579831932774
KCL0099,0.3628048780487805
KCM0402,0.549079754601227
KCM0466,0.6236888111888111
KCR1118,0.5703942075623492
KCW1215,0.0
KDB1036,0.22829131652661064
KDB1206,0.0
KDC0996,0.01634877384196185
KDC1240,0.28553770086526575
KDG1330,0.49859943977591037
KDL1901,0.5
KDP1706,0.5
KEE0823,0.726890756302521
KEG1006,0.01680672268907563
KEM1211,0.0
KEO0202,0.3587939698492462
KES1207,0.0
KEW0198,0.02
KFG1727,0.27883650952858574
KFH0943,0.0
KFS1029,0.23344947735191637
KGD0416,0.5
KGL0178,0.13588283157038242
KGM1031,0.22969187675070027
KHG0205,0.45656370656370654
KHH1556,0.4
KHS1850,0.23109243697478993
KHT0739,0.5210084033613446
KHW0289,0.027559055118110236
KIB0089,0.02585410895660203
KIC0438,0.36133603238866396
KIF0951,0.4685929648241206
KIS1205,0.0
KJA0347,0.5
KJG1121,0.6789650215620507
KJH0475,0.2222222222222222
KJH0804,0.438375350140056
KJH0872,0.4856870229007634
KJM0889,0.21341463414634146
KJM1303,0.2759103641456583
KJN0240,0.3674540682414698
KJS1956,0.0
KJW1664,0.3768518518518518
KKL1481,0.0
KKP0064,0.3598790322580645
KKP1311,0.2913165266106443
KKS0087,0.0
KLB0918,0.6898211829436038
KLG0576,0.5
KLM0941,0.0
KLM1508,0.21708683473389356
KLR0112,0.38768115942028986
KLW1789,0.2549019607843137
KMC1934,0.43261964735516373
KMG0062,0.23840206185567012
KMH0529,0.5
KMK1096,0.7478991596638656
KMM0014,0.49859943977591037
KMM1703,0.0
KMN0028,0.0
KMO0382,0.0
KMR0377,0.590669014084507
KNM0100,0.5
KOG1386,0.1987179487179487
KOL1923,0.3295269168026101
KPM0579,0.5
KPM1002,0.011204481792717087
KQM1769,0.24089635854341737
KRA1047,0.17438423645320197
KRC0098,0.07166123778501629
KRC0441,0.3606060606060606
KRC0842,0.0
KRC1348,0.23694029850746268
KRM1306,0.28291316526610644
KRS0172,0.22268907563025211
KSC1255,0.4992987377279102
KSC1352,0.35888187556357076
KSL0808,0.5
KSS1005,0.1077127659574468
KSS1519,0.5
KST1643,0.0
KSW0708,0.0
KTS0058,0.0
KUB1569,0.2922922922922923
KVC1487,0.23809523809523808
KVF1143,0.5
KVP1424,0.23249299719887956
KVV0871,0.5
KWF0849,0.5
KWM0365,0.5
KZB1630,0.0
KZM0362,0.3641456582633053
LAD0226,0.5
LAF1938,0.5
LAH0463,0.6328413284132841
LAS0129,0.3592314118629908
LAS0256,0.47474747474747475
LBL0578,0.5007012622720898
LCB1869,0.22741935483870968
LCR0521,0.09329710144927536
LCR1344,0.23562412342215988
LCS1760,0.3602421796165489
LCW0821,0.7296918767507002
LDF0644,0.0
LDM0399,0.1356749311294766
LFB0452,0.0
LHA0303,0.0
LHD1233,0.4782608695652174
LHD1750,0.33239962651727356
LHL0130,0.4992987377279102
LHP0320,0.0
LIB1125,0.7282157676348547
LIG1756,0.3142857142857143
LIJ1581,0.5965130759651308
LIL1199,0.0
LJC1146,0.5
LJF1138,0.7363571934798016
LJH1027,0.24025974025974026
LJL1891,0.24581005586592178
LJM0215,0.5
LJM0375,0.7240896358543417
LJM1807,0.23498233215547704
LJP1584,0.6030456852791878
LJV1620,0.21506276150627615
LKB0734,0.4887955182072829
LKC0405,0.0
LKC1796,0.24089635854341737
LKL1895,0.5
LKM0230,0.25153374233128833
LKP1714,0.4649859943977591
LLB0437,0.5
LLF1234,0.5098039215686274
LLL1469,0.0
LLP1436,0.23809523809523808
LLW0179,0.1685214626391097
LMG0065,0.3532289628180039
LMM0167,0.0
LMP1543,0.4992987377279102
LMW0837,0.0
LNS0317,0.4744990892531876
LPL0420,0.5
LPL0877,0.3548707753479125
LPS1875,0.2338935574229692
LRB0568,0.5
LRB1496,0.23949579831932774
LRF0549,0.36666666666666664
LRF1009,0.21708683473389356
LRV1554,0.3185947910357359
LRW1079,0.2692307692307692
LRW1357,0.5012315270935961
LSB1588,0.983739837398374
LSC1951,0.5
LSD1231,0.5042016806722689
LSF1709,0.4733893557422969
LSH0464,0.6143260409315455
LSJ0979,0.459915611814346
LSM1228,0.4591584158415842
LSM1382,0.19390581717451524
LSN1462,0.0
LSO1783,0.24089635854341737
LTB0308,0.0
LTH0528,0.3537871524448706
LTP0072,0.0
LTS1378,0.3619441571871768
LUH1376,0.5
LVC0408,0.3753501400560224
LVF1626,0.27011494252873564
LXM1361,0.41456582633053224
LYL1334,0.0
MAB0500,0.0
MAB1340,0.1669266770670827
MAC1175,0.32847341337907376
MAD0207,0.5
MAE0515,0.0
MAF0293,0.353515625
MAF0467,0.6221804511278195
MAF1623,0.2538569424964937
MAG0780,0.15768463073852296
MAM0045,0.5620936280884266
MAM0557,0.5
MAM1293,0.21988795518207283
MAP0424,0.5
MAR1075,0.35064935064935066
MAS0783,0.0
MAW0469,0.6122448979591837
MAW1397,0.2338935574229692
MAW1974,0.0
MBG1455,0.5
MBH1177,0.5
MBK1726,0.49019607843137253
MBM0145,0.0
MBM0712,0.05132450331125828
MBW1149,0.4357682619647355
MCB0227,0.32560137457044674
MCB0582,0.5
MCB1145,0.3551307847082495
MCC1372,0.4579831932773109
MCH0620,0.3598790322580645
MCL1953,0.0
MCP0611,0.42
MCS0242,0.22268907563025211
MCS1414,0.23669467787114845
MCT0695,0.5
MCV1046,0.15123194562446898
MCW0505,0.0
MCW1367,0.5
MDB0351,0.26784140969162995
MDC0520,0.0
MDK1412,0.23949579831932774
MDL0294,0.5
MDN0132,0.5098039215686274
MDR0572,0.5
MDR1497,0.21079691516709512
MDS0680,0.5
MEB1743,0.35843373493975905
MEC0212,0.5
MEH0029,0.35807422266800404
MEM0221,0.1489547038327526
MES0966,0.5
MES1674,0.5
MEW0485,0.0
MFM1400,0.2372448979591837
MGB1235,0.36635006784260515
MGC0646,0.0
MGG1342,0.1956521739130435
MGH0593,0.3485772357723577
MGM0539,0.4626865671641791
MGS1944,0.44418052256532065
MGT0898,0.7296918767507002
MHH0980,0.5
MHK0565,0.0
MHM0660,0.5
MHM1645,0.0
MHP1377,0.3587939698492462
MHS1277,0.23669467787114845
MIB0203,0.37183544303797467
MIB1265,0.5
MIC0916,0.6732605729877217
MJA1784,0.3333333333333333
MJF1600,0.26750700280112044
MJF1646,0.0
MJK0527,0.5
MJR0711,0.0
MJW1758,0.33529907329401853
MKC0869,0.39949748743718594
MKG0606,0.33035714285714285
MKH0260,0.4594059405940594
MKK0364,0.3567362428842505
MKR1094,0.533
MKT1931,0.5
MKW1422,0.33608490566037735
MLC0141,0.0
MLH0942,0.0
MLL0162,0.5
MLM1614,0.19061302681992337
MLW1038,0.22408963585434175
MMB0383,0.0
MMB0556,0.36163522012578614
MMB1967,0.0
MMC1008,0.009817671809256662
MMD1477,0.0
MME1034,0.23809523809523808
MMK1532,0.5
MML0631,0.0
MMM0082,0.0
MMM1655,0.0
MMO0531,0.47058823529411764
MMR0390,0.0
MMR1458,0.0
MMR1502,0.2184873949579832
MMS1905,0.5
MNE1698,0.0
MNM1948,0.5
MOB1071,0.24369747899159663
MOD1927,0.36467702371218313
MON0700,0.5007012622720898
MOS0359,0.0
MOW1888,0.23983169705469845
MPF0690,0.7647058823529411
MPK1844,0.0
MQS0196,0.0
MRH0407,0.23307291666666666
MRW0625,0.3944706675657451
MSC0216,0.06535947712418301
MSK0117,0.0
MSM1800,0.242296918767507
MSN1911,0.5
MSS0799,0.49859943977591037
MTD0971,0.37823834196891193
MTH0737,0.4116140051238258
MTP1582,0.9807162534435262
MTS0958,0.36133603238866396
MUP1819,0.0
MUW0570,0.3094059405940594
MVM0092,0.0
MVN1518,0.3474576271186441
MWB0225,0.3715194908512331
MWC0761,0.0
MXM0184,0.49859943977591037
MYB0686,0.7376306620209059
MYB1332,0.21994884910485935
MZO1066,0.2693877551020408
MZV1557,0.5
NAB1673,0.5709134615384616
NAH1366,0.5
NAO1281,0.24178403755868544
NBB1935,0.5
NBH0488,0.0
NBL1190,0.22252747252747251
NBL1490,0.2638640429338104
NBM1257,0.46078431372549017
NBP0252,0.44020797227036396
NCB0657,0.5
NCC0454,0.3794498381877023
NCM1243,0.42016806722689076
NCU1166,0.6037037037037037
NEG0281,0.5
NEP1848,0.22829131652661064
NER1278,0.3069679849340866
NFH0677,0.357
NFJ1694,0.0
NFS0617,0.4579831932773109
NGB1625,0.23176470588235293
NHA0054,0.34442270058708413
NHB1529,0.4992987377279102
NHD0247,0.0
NHH1099,0.7380952380952381
NHR0768,0.0
NIM1203,0.0
NIM1282,0.31017369727047145
NIV1608,0.2574750830564784
NJB0011,0.5232067510548524
NJC0003,0.22609819121447028
NJD1644,0.0
NJJ0434,0.49789621318373073
NJK1732,0.4215686274509804
NJP0665,0.5
NJS1194,0.24509803921568626
NJV1818,0.0
NKD0115,0.49299719887955185
NKF1871,0.1701913393756294
NKG0319,0.3631739572736521
NKH0704,0.0
NKM1738,0.3196652719665272
NKN1405,0.24316939890710382
NKT1510,0.22969187675070027
NLC1113,0.7153652392947103
NMF1088,0.15866558177379983
NMK0536,0.49859943977591037
NMM0026,0.5194300518134715
NMP0782,0.014675052410901468
NMP1003,0.022408963585434174
NMV0716,0.0
NNB1355,0.5
NNO0832,0.0
NOB1015,0.1710794297352342
NRH0510,0.11661341853035144
NRH1383,0.22566122678671918
NRM1656,0.1481042654028436
NRO1752,0.3016006739679865
NRR0476,0.23109243697478993
NRR1835,0.0
NRS0270,0.7269959404600812
NSS0926,0.6658345221112696
NTB0710,0.0
NTG1667,0.5
NTM0305,0.0
NTV1777,0.24390243902439024
NUW1599,1.0
NVA1748,0.5
NWH0960,0.5
NWP1609,0.3819444444444444
NZH1839,0.15690866510538642
NZL1395,0.22554347826086957
OAB0181,0.22969187675070027
OAJ0244,0.0
OAP0978,0.5
OBN1958,0.0
OCD1985,0.01293103448275862
OCL1245,0.32003257328990226
OCW1127,0.6465067778936392
ODA0931,0.012510425354462052
ODB0034,0.5
ODG1158,0.3528816986855409
OFA1415,0.21708683473389356
OFB1017,0.23529411764705882
OFM0341,0.0
OFS0030,0.5094339622641509
OHA1516,0.22969187675070027
OHC1798,0.25862068965517243
OHR0583,0.3959866220735786
OHS0036,0.4137466307277628
OIP1053,0.2320675105485232
OJC0930,0.0
OJF1882,0.242296918767507
OJP1860,0.23422159887798036
OKC0155,0.5
OKH0453,0.5504807692307693
OKM1092,0.5456410256410257
OLM1747,0.5
ONB1833,0.0
ONG1642,0.0
OQE0920,0.6600556715379262
ORB0455,0.5
ORR0813,0.47124824684431976
OSS1463,0.0
OTB0008,0.21988795518207283
OTE0760,0.0
OWC0518,0.0
OWS0279,0.2169811320754717
PAA0121,0.3209677419354839
PAG0429,0.49299719887955185
PAH0819,0.7125
PAM0867,0.49859943977591037
PAP1570,0.6162117452440034
PBC0077,0.02054794520547945
PBS0120,0.0
PCB0567,0.5
PCK0271,0.7512716174974567
PDB1766,0.24509803921568626
PDH1180,0.4480830670926518
PEM0277,0.006493506493506494
PFM1795,0.1442741208295762
PGY1112,0.45932203389830506
PHG1778,0.25384615384615383
PHP0436,0.4992987377279102
PHY0730,0.22969187675070027
PIE1712,0.5
PIR1632,0.0
PJB0886,0.34491315136476425
PJC0254,0.5
PJC0370,0.0
PKF1346,0.22268907563025211
PKS0278,0.0
PKS1187,0.3761467889908257
PLF1030,0.18181818181818182
PLL1043,0.23669467787114845
PLM1716,0.5
PMB1928,0.5
PMC0815,0.725201072386059
PMC1560,0.2787821122740247
PMM1117,0.652542372881356
PNA1776,0.1337579617834395
PPB1181,0.5
PRD0922,0.5709696261682243
PRF0257,0.24929971988795518
PRG0336,0.22829131652661064
PRH0706,0.0
PRL0585,0.5
PRL0965,0.3602421796165489
PSC0426,0.39915966386554624
PSS0157,0.5
PSV1737,0.5325248070562293
PTD0273,0.6575512740832815
PTH0005,0.2603448275862069
PTH1889,0.14039408866995073
PTM1432,0.23148148148148148
PTV0067,0.25796178343949044
PWB1739,0.5
PWF0709,0.10244988864142539
PXS0749,0.5
QAP0266,0.7619047619047619
QCM0672,0.5
QCR0394,0.23684210526315788
QDB1765,0.22969187675070027
QEL1515,0.1715736040609137
QGB0554,0.5
QGC0435,0.29767441860465116
QJF0725,0.1554907677356657
QJH1605,0.17467652495378927
QJS1362,0.43201754385964913
QKB0562,0.0
QKB1893,0.5
QNB1329,0.16365066876475218
QRC1676,0.0
QRF0039,0.5
QSG1150,0.5
QSM1042,0.22295514511873352
QSS1380,0.3293460925039872
QWP1513,0.16150870406189555
QZH0367,0.3108108108108108
RAA0263,0.28928928928928926
RAB0251,0.5
RAB1453,0.5
RAH0052,0.0
RAH0609,0.18089430894308944
RAR0875,0.3693486590038314
RAS0197,0.0
RAS1982,0.0
RAT0514,0.1027900146842878
RAV0088,0.0
RBA1723,0.5
RBC1624,0.3333333333333333
RBD0122,0.5
RBD1304,0.17772108843537415
RBH0661,0.5
RBN1906,0.5
RCD0299,0.1611271676300578
RCG0584,0.40408805031446543
RCH1216,0.10801781737193764
RCL1864,0.14133114215283485
RCW1932,0.5
RDB0546,0.4346774193548387
RDC0128,0.33160285528877353
RDM0489,0.0
RDP1751,0.5
RDS1398,0.1611328125
RDT0361,0.5
RDW1710,0.4523809523809524
REF1924,0.3727714748784441
REL0910,0.6818181818181818
REL1335,0.23669467787114845
REM1733,0.3213660245183888
RFC1991,0.5
RFP1918,0.5
RFS0513,0.0
RGA1622,0.28431372549019607
RHB1193,0.24369747899159663
RHD1155,0.3482959268495428
RHG0882,0.4439461883408072
RHM0775,0.16324535679374388
RIK0629,0.3145353455123114
RIP1368,0.5
RIS1254,0.38235294117647056
RJC0381,0.0
RJD1533,0.5
RJG0511,0.0
RJM0409,0.3598790322580645
RJM0634,0.0
RJS1979,0.0
RJW0348,0.375
RJW1406,0.28019323671497587
RKC0355,0.41876750700280113
RKF0080,0.0
RKF1268,0.484593837535014
RKG0607,0.24369747899159663
RKM0478,0.23949579831932774
RKW1936,0.5
RLF0472,0.6147308781869688
RLM1578,0.7161484453360081
RLP0666,0.5
RMB1821,0.16666666666666666
RMH0906,0.5
RMK1771,0.36133603238866396
RMN1226,0.4392764857881137
RMP0754,0.37661290322580643
RMT0496,0.0
RMV1820,0.0
RNB1685,0.0
RNC1295,0.22068403908794787
ROA0482,0.23109243697478993
ROB0477,0.15107296137339055
RPJ1159,0.3339130434782609
RPM0125,0.5
RQB0884,0.35807422266800404
RRC0891,0.46638655462184875
RRG1253,0.48641304347826086
RRS0056,0.0
RSB1054,0.22829131652661064
RSH0836,0.0
RSM1133,0.714625850340136
RSM1426,0.23249299719887956
RSS1825,0.0
RTB0140,0.0
RTH0564,0.0
RUM0165,0.0
RVJ0046,0.6087262491203378
RWJ1403,0.24649859943977592
RWP1153,0.5
RWR0991,0.010111223458038422
RXH1139,0.35881841876629017
RYG0413,0.5
RYP0839,0.0
RZB0358,0.3598790322580645
SAA0374,0.5287588294651867
SAF1261,0.5
SAF1942,0.4317343173431734
SAH0833,0.0
SAM0628,0.5590551181102362
SAM0911,0.6150870406189555
SAW1961,0.0
SBL1161,0.5056022408963585
SBN1279,0.1634517766497462
SBP1176,0.5
SCB0187,0.4856396866840731
SCC0379,0.0
SCC1470,0.0
SCF0430,0.5
SCH0670,0.5
SCI0778,0.1847649918962723
SCO1719,0.3619047619047619
SCW1456,0.5
SDF0318,0.2108843537414966
SDH1854,0.1644486692015209
SDL0541,0.5
SDR0388,0.022727272727272728
SDT0600,0.22268907563025211
SDW1781,0.23529411764705882
SEC0985,0.5
SEL1062,0.24379232505643342
SEO0946,0.3419293218720153
SFA1912,0.5909863945578231
SFG1360,0.5
SFJ0856,0.5
SFS1109,0.742296918767507
SGB0428,0.2990732940185341
SGH0834,0.0
SGN0146,0.2301523656776263
SHC1499,0.242296918767507
SHG1897,0.5
SIG0640,0.0
SIH0801,0.5
SIS0042,0.6085626911314985
SIV1287,0.16432865731462926
SJA0635,0.0
SJC0232,0.5
SJC1563,0.48599439775910364
SJD1957,0.0
SJG0228,0.3458359821996186
SJG1417,0.15564853556485356
SJP1023,0.34276729559748426
SKB1024,0.23109243697478993
SKB1962,0.0
SKC0074,0.0
SKE1251,0.5775462962962963
SKF0786,0.49159663865546216
SKF1892,0.16552250190694126
SKH1910,0.3998109640831758
SKL0325,0.5
SKN1688,0.0
SKV0041,0.5573012939001848
SKW0066,0.16873278236914602
SLC1391,0.23809523809523808
SLC1419,0.1702127659574468
SLC1865,0.23363095238095238
SLD1471,0.0
SLF1195,0.23529411764705882
SLL0193,0.017432646592709985
SLM1526,0.5559701492537313
SLS1969,0.0
SLZ0276,0.5
SMB0473,0.23249299719887956
SME1271,0.22408963585434175
SMK1323,0.19467213114754098
SMN0397,0.0
SMS0432,0.344391785150079
SMW1131,0.7418407310704961
SMW1764,0.4
SNA0415,0.5
SNC0218,0.0
SNC1721,0.4887955182072829
SNK1280,0.2117437722419929
SNO0033,0.0
SOP1142,0.48873873873873874
SPB1853,0.22128851540616246
SPH1244,0.39775910364145656
SQC1072,0.22986577181208054
SQC1296,0.23529411764705882
SRC1468,0.0
SRM1184,0.22829131652661064
SRP1576,0.723404255319149
SRR0324,0.4579831932773109
SRR1521,0.5
SSA0188,0.0
SSG0726,0.22300140252454417
SSH1780,0.24649859943977592
SSM1663,0.5
SSN1130,0.75
SSS1057,0.16933207902163688
SSS1129,0.6689349112426035
SSS1683,0.1346153846153846
STH0135,0.0
STH0353,0.5
STW0237,0.0
SVB0209,0.5080862533692723
SVF1858,0.23019271948608136
SWB1809,0.23109243697478993
SWC1392,0.22969187675070027
SWM1101,0.7366946778711485
SWM1653,0.0
SYB0093,0.0
SYH1902,0.5
SZN1421,0.21544715447154472
TAB0519,0.0
TAG1610,0.2783018867924528
TAH0300,0.5588865096359743
TAJ0023,0.0
TAK0501,0.0
TAL1665,0.5
TAW0689,0.6434730895034195
TBA0283,0.40963855421686746
TBE1972,0.0
TBF1107,0.7138849929873773
TBH1514,0.242296918767507
TBM1476,0.0
TBM1904,0.5
TBP0548,0.5
TCA1183,0.5
TCC0311,0.24649859943977592
TCC0771,0.23109243697478993
TCC1298,0.23809523809523808
TCF0559,0.3562058526740666
TCH0264,0.4117647058823529
TCL0855,0.3452266152362584
TCP0380,0.0
TCW1808,0.36114421930870083
TDB1920,0.3609706774519717
TDC0800,0.4887955182072829
TDC1086,0.18778625954198475
TDF0785,0.44677871148459386
TDH1351,0.2338935574229692
TDK0753,0.5
TDR1930,0.3606060606060606
TES1536,0.5
TFS1081,0.1658291457286432
TFW1388,0.15864022662889518
TFW1681,0.0
THB1069,0.23031026252983294
TIH0573,0.4141856392294221
TIR0025,0.3522267206477733
TJB1012,0.1694736842105263
TJG0170,0.5434173669467787
TJO0663,0.5
TJP0616,0.4992987377279102
TKH1718,0.3253382533825338
TKP1186,0.226890756302521
TLB0894,0.015120967741935484
TLM0421,0.48764044943820223
TLS0643,0.0
TLW1050,0.22408963585434175
TLW1555,0.4103641456582633
TMC0934,0.00684931506849315
TME0887,0.5
TMM0292,0.5
TMR0186,0.5
TMT0851,0.4144903117101938
TMT1509,0.22969187675070027
TMW1907,0.3609706774519717
TNB1616,0.2945990180032733
TNH1048,0.23809523809523808
TOL1914,0.5
TPO1049,0.22154471544715448
TRA1671,0.5
TRB1093,0.726890756302521
TRB1702,0.0
TRC1838,0.0
TRP0892,0.44677871148459386
TRS0224,0.35019455252918286
TRW0667,0.3595166163141994
TSB1546,0.5
TSG0262,0.5
TSH1734,0.4733893557422969
TSJ0655,0.5
TTD0288,0.1502403846153846
TTG0460,0.32362459546925565
TTM0059,0.0
TTR1792,0.18222222222222223
TUJ1007,0.011204481792717087
TWB1223,0.5196078431372549
UAB0534,0.49299719887955185
UAM1108,0.7424242424242424
UAR0024,0.5
UBG1493,0.24369747899159663
UCC0395,0.5
UCD0608,0.24509803921568626
UCM1572,1.0
UEH0944,0.5
UGB0031,0.0
UHM1273,0.14960629921259844
UIS1637,0.0
UJC0329,0.5
UKG0386,0.0
UKM0845,0.0
UMB0108,0.5
UMB0310,0.22408963585434175
UMB0322,0.0
UMH1547,0.4943977591036415
UMT1084,0.1706827309236948
UNN0707,0.0
UOR1486,0.0
URB1668,0.5
USM0703,0.0
USW1994,0.5322164948453608
UTM0493,0.0
VAC0731,0.23249299719887956
VAH1292,0.2562674094707521
VBK0007,0.5
VCB1325,0.25630252100840334
VCC0258,0.5
VCF1602,0.2828125
VCG1873,0.23109243697478993
VCH0461,0.4992987377279102
VCM0992,0.006776379477250726
VDB0481,0.23809523809523808
VFA1284,0.1657142857142857
VLV0933,0.0
VMD0850,0.5
VMP1252,0.3397790055248619
VPA0974,0.40318302387267907
VRP0267,0.7181712962962963
VSB1317,0.29238754325259514
VSH1899,0.38074204946996465
VUW0873,0.4
VVG0624,0.358609794628752
VWM0491,0.0
WAF1652,0.0
WAH0793,0.4943977591036415
WAH1774,0.24064837905236908
WAS1823,0.0
WBB0339,0.16449348044132397
WBK1077,0.16314779270633398
WBP0828,0.5318471337579618
WCB0806,0.5
WCN0261,0.49182561307901906
WCO0020,0.0
WCR1830,0.0
WCR1998,0.49719887955182074
WCW1013,0.22888283378746593
WDP1689,0.0
WDS1286,0.25125628140703515
WDT1634,0.0
WDT1754,0.3606060606060606
WEC0304,0.0
WFV0687,0.6237776634071024
WGF1260,0.45098039215686275
WHB1247,0.48366013071895425
WHG1669,0.5
WIR1720,0.4254545454545455
WIW1212,0.0
WJM1922,0.3545183714001986
WLH1827,0.0
WLN0852,0.5
WLN1730,0.3795045045045045
WLP0123,0.5
WMH1300,0.36363636363636365
WMS0486,0.0
WMS1274,0.226890756302521
WNB1558,0.4341736694677871
WOG0797,0.5
WOM1587,0.7137096774193549
WOS1834,0.0
WPC1984,0.0
WPL0086,0.0
WRB1978,0.0
WRH0526,0.3333333333333333
WRH0868,0.3478964401294498
WSE1363,0.3433734939759036
WSK1857,0.26134585289514867
WSW1091,0.76
WTC0699,0.35691318327974275
WWW0701,0.014084507042253521
WYG0599,0.24509803921568626
WZB0733,0.5154061624649859
XAB0622,0.3097913322632424
XAM0376,0.531317494600432
XAO1684,0.0
XAW0912,0.6890243902439024
XBK0246,0.0
XCC1786,0.23809523809523808
XDG1256,0.5
XDM0723,0.226890756302521
XFK0050,0.5619735258724429
XJB1052,0.2507002801120448
XJH0483,0.0
XJP1627,0.29411764705882354
XJS1358,0.3961424332344214
XKB0040,0.44397759103641454
XKB1829,0.0
XKR0168,0.5
XMG1579,0.8409090909090909
XNC1338,0.14329643296432965
XRS0498,0.0
YBD1929,0.5
YBH0948,0.4269854824935952
YBH1926,0.5
YCC0119,0.08518189884649512
YDH0577,0.3835732430143946
YDM1822,0.0
YEG1439,0.24089635854341737
YHO0982,0.36432350718065004
YIN0342,0.0
YJB0171,0.22383073496659242
YJB0829,0.0
YKW1943,0.5
YLH0423,0.5
YLR1188,0.24509803921568626
YMF1089,0.532953620829943
YMJ0243,0.0
YNC1336,0.5
YNO0103,0.36503067484662577
YSH1997,0.3612424037812289
YVJ0986,0.5
YWF1562,0.34944612286002014
YYH0949,0.5
ZAC0499,0.0
ZAD1035,0.22829131652661064
ZAD1345,0.22128851540616246
ZAD1621,0.3313253012048193
ZAH0598,0.24789915966386555
ZAR0235,0.39686924493554326
ZBC0291,0.5
ZBG0938,0.0
ZCB0983,0.5
ZDH1266,0.4341736694677871
ZEH0685,0.7645440251572327
ZEP0543,0.3801571709233792
ZHB1104,0.5252747252747253
ZHP0989,0.00974817221770918
ZHR0596,0.1672890216579537
ZIE0741,0.5598802395209581
ZIN1633,0.0
ZJN1492,0.21935483870967742
ZJT1601,0.32558139534883723
ZKH0164,0.0
ZKP0542,0.503584229390681
ZLM1418,0.14908456843940715
ZNP1565,0.5
ZOC0154,0.5
ZOF1559,0.5
ZPG1909,0.37296260786193675
ZRF1980,0.0
ZUR1449,0.3602421796165489
ZVW1475,0.0
ZWS0755,0.5
ZXR1452,0.5
